tf,target_cell,scheme_id,sequence,y,label,id,chr,start,end,cell_line,split,row_idx,grad_idx,jaspar_id,tf_motif_name,begin,stop,pwm_score,strand,tf_key,gradient_method,mean_grad_K562,win_abs_K562,flank_abs_K562,win_enrichment_K562,local_peak_K562,mean_grad_hPSC,win_abs_hPSC,flank_abs_hPSC,win_enrichment_hPSC,local_peak_hPSC,mean_grad_HepG2,win_abs_HepG2,flank_abs_HepG2,win_enrichment_HepG2,local_peak_HepG2,mean_gradient,chip_signal,chip_log2,motif_spec_norm_mean_K562,motif_spec_norm_mean_hPSC,motif_spec_norm_mean_HepG2,motif_spec_raw_mean_K562,motif_spec_raw_mean_hPSC,motif_spec_raw_mean_HepG2,motif_spec_norm_median_K562,motif_spec_norm_median_hPSC,motif_spec_norm_median_HepG2,motif_spec_norm_max_K562,motif_spec_norm_max_hPSC,motif_spec_norm_max_HepG2,motif_spec_win_enrich_K562,motif_spec_win_enrich_hPSC,motif_spec_win_enrich_HepG2,motif_spec_norm_mean_log2_K562,motif_spec_norm_mean_log2_hPSC,motif_spec_norm_mean_log2_HepG2,lineage_target,matrix_delta_norm_mean,motif_spec_K562,motif_spec_hPSC,motif_spec_HepG2,delta_spec_norm,delta,rra_assigned_cell
NANOG,hPSC,norm_mean,"[[1 0 0 0]
 [0 1 0 0]
 [1 0 0 0]
 ...
 [1 0 0 0]
 [0 0 1 0]
 [0 0 0 1]]",0.0253935795796063,0.0,EH38E3908274,chr9,124941800,124942300,shared,cross_context,171854,-1,MA2339.1,Nanog,132,139,12.772036350671325,+,NANOG,ig,0.0485549727454781,0.0648847958783153,0.055499399017711,1.169107870276767,True,0.0582946549568857,0.0565387563640251,0.0415485565628648,1.3607871712849469,True,0.0314376573743564,0.0670947446361242,0.04674546908503,1.4353205047717854,True,0.0460957616922401,1.702489972114563,0.7676471480052862,0.7796715917029291,1.170691542652963,0.5906840807946024,0.0485549727454781,0.0582946549568857,0.0314376573743564,1.2103872720522684,1.6482389664618255,0.3998595592476584,1.326647317589814,2.2804170320050163,1.9494475550027968,1.169107870276767,1.3607871712849469,1.4353205047717854,-0.3590615239231162,0.2273610014898987,-0.7595413612497883,hPSC,0.3910199509500338,0.7796715917029291,1.170691542652963,0.5906840807946024,0.3910199509500338,0.39101995095003383,hPSC
NANOG,hPSC,norm_mean,"[[0 0 1 0]
 [0 0 0 1]
 [0 0 1 0]
 ...
 [0 0 1 0]
 [0 1 0 0]
 [1 0 0 0]]",0.0841779185582593,0.0,EH38E3417501,chr20,4091782,4092282,shared,cross_context,35456,-1,MA2339.1,Nanog,493,500,12.772036350671325,+,NANOG,ig,0.0304941455168383,0.0837211194261908,0.0654330101463711,1.2794934306701724,True,0.0533275348799569,0.05144274636521,0.0435496077063726,1.1812444993674975,True,0.0207745959716183,0.0556637626141309,0.0536142878746613,1.0382260855912129,True,0.0348654254561378,0.6272299885749817,-0.6729312568005553,0.408734254050302,1.1677646186444717,0.3879224664961953,0.0304941455168383,0.0533275348799569,0.0207745959716183,0.3191149688921849,1.2807338436941096,0.488451715298864,1.519906780119039,1.9142537767128371,0.5594060599055048,1.2794934306701724,1.1812444993674975,1.0382260855912129,-1.290764937605941,0.2237495068435665,-1.3661597593205326,hPSC,0.7590303645941696,0.408734254050302,1.1677646186444717,0.3879224664961953,0.7590303645941696,0.7590303645941696,hPSC
NANOG,hPSC,norm_mean,"[[0 0 0 1]
 [0 0 1 0]
 [0 0 1 0]
 ...
 [0 1 0 0]
 [0 0 1 0]
 [0 0 1 0]]",0.0420945873070912,0.0,EH38E1546912,chr11,67288235,67288735,shared,cross_context,7386,-1,MA2339.1,Nanog,46,53,12.772036350671325,+,NANOG,ig,0.0435592753014394,0.0875796615553554,0.0586826836544787,1.492427427940183,True,0.0417783232405781,0.055295936713519,0.0412511962023563,1.34046835969515,True,0.0415748478844761,0.0719732871744781,0.0470258155837655,1.5305055526622198,True,0.0423041488088312,0.3277199864387512,-1.6094600324380028,0.5763790195491931,0.8368820316206074,0.7006428997394606,0.0435592753014394,0.0417783232405781,0.0415748478844761,0.8507418046953241,0.6617541595197846,0.7889455782048553,0.9420970408076956,1.4790497893552057,1.413833496169458,1.492427427940183,1.34046835969515,1.5305055526622198,-0.7949102706524116,-0.2569038209143489,-0.5132487670540229,hPSC,0.1362391318811467,0.5763790195491931,0.8368820316206074,0.7006428997394606,0.1362391318811467,0.13623913188114678,hPSC
NANOG,hPSC,norm_mean,"[[0 0 1 0]
 [0 0 1 0]
 [0 0 1 0]
 ...
 [0 1 0 0]
 [0 0 0 1]
 [0 1 0 0]]",0.6680855362424036,1.0,EH38E3242195,chr17,74325918,74326418,shared,cross_context,28560,-1,MA2339.1,Nanog,431,438,12.772036350671325,+,NANOG,ig,0.0329069307606135,0.0431111014331691,0.0540609848487656,0.7974529798012666,False,0.0545158753437655,0.0347960043472994,0.0428517245501279,0.8120092386597576,False,0.0430598150539611,0.0432532913249451,0.0318998633051524,1.3559079345296017,True,0.04349420705278,1.5731799602508545,0.6536846309829011,0.6847777947117152,1.4760086137215491,1.0802949365306227,0.0329069307606135,0.0545158753437655,0.0430598150539611,0.828960467656586,1.640654218261113,1.5020314711142615,1.3938365828326744,2.450085762142391,2.018846756586732,0.7974529798012666,0.8120092386597576,1.3559079345296017,-0.5462921725524343,0.5617011417098188,0.111425244632025,hPSC,0.3957136771909264,0.6847777947117152,1.4760086137215491,1.0802949365306227,0.3957136771909264,0.3957136771909264,hPSC
NANOG,hPSC,norm_mean,"[[0 1 0 0]
 [1 0 0 0]
 [0 0 0 1]
 ...
 [0 1 0 0]
 [1 0 0 0]
 [0 0 0 1]]",0.1393508977314471,0.0,EH38E3700927,chr6,31789330,31789830,shared,cross_context,151509,-1,MA2339.1,Nanog,54,61,12.772036350671325,+,NANOG,ig,0.0767498449422419,0.0659970762673765,0.0529476138204336,1.2464596426687398,True,0.065759069552379,0.0555871501180809,0.0367280865518841,1.513477564500391,True,0.0456583843167339,0.0404502977745141,0.0361526543297804,1.1188745981632549,True,0.0627224329371182,0.0,-19.93156856932417,1.3723367405023277,1.5242348541730193,1.135922629819107,0.0767498449422419,0.065759069552379,0.0456583843167339,1.8093563049205248,1.9549175889986543,1.4619279420720797,2.6711367676199167,2.729742643287165,2.7863174151047274,1.2464596426687398,1.513477564500391,1.1188745981632549,0.4566345308448037,0.6080852114197859,0.1838645743366069,hPSC,0.1518981136706916,1.3723367405023277,1.5242348541730193,1.135922629819107,0.1518981136706916,0.15189811367069161,hPSC
NANOG,hPSC,norm_mean,"[[1 0 0 0]
 [0 1 0 0]
 [0 0 1 0]
 ...
 [0 0 1 0]
 [0 0 1 0]
 [0 1 0 0]]",0.1019254274449606,0.0,EH38E3774382,chr7,50792304,50792804,shared,cross_context,198709,-1,MA2339.1,Nanog,199,206,12.772036350671325,+,NANOG,ig,0.0650663575423615,0.0564808506803819,0.0576658157731209,0.9794509993249546,False,0.0824257888432059,0.0479255943128373,0.0418105701131851,1.1462551866799822,True,0.0512539233480181,0.0614690926717594,0.0498077858766365,1.2341259353054992,True,0.0662486899111952,5.899509906768799,2.560595354198643,1.1400223528802564,1.877529722164874,0.948206149503939,0.0650663575423615,0.0824257888432059,0.0512539233480181,1.2618450062579123,2.444918920770004,1.1352876385776631,3.108663026750357,3.1266435581170917,1.8433702440010329,0.9794509993249546,1.1462551866799822,1.2341259353054992,0.1890621134391457,0.9088357472192452,-0.0767273438049634,hPSC,0.7375073692846175,1.1400223528802564,1.877529722164874,0.948206149503939,0.7375073692846175,0.7375073692846175,hPSC
NANOG,hPSC,norm_mean,"[[0 0 1 0]
 [0 0 0 1]
 [0 0 1 0]
 ...
 [0 0 1 0]
 [0 1 0 0]
 [0 1 0 0]]",0.0112299710728275,0.0,EH38E1543554,chr11,63917965,63918465,shared,cross_context,179513,-1,MA2339.1,Nanog,284,291,10.080860958297997,+,NANOG,ig,0.0785728054387228,0.053929646507604,0.0617205315049012,0.8737714412846084,False,0.0710079359955021,0.0410868177510565,0.0407894821307705,1.0072892699750402,True,0.0350251986778208,0.039506580379093,0.0466499037366026,0.8468735998560976,False,0.0615353133706819,5.899509906768799,2.560595354198643,1.3390683707439155,1.7358964518786224,0.7985764611781694,0.0785728054387228,0.0710079359955021,0.0350251986778208,1.6297499799068498,1.8058683731246092,1.0497690344946586,2.004758094765592,3.405181916161174,1.6352553814936943,0.8737714412846084,1.0072892699750402,0.8468735998560976,0.4212296253803811,0.7956808928434956,-0.3244975453297165,hPSC,0.3968280811347067,1.3390683707439155,1.7358964518786224,0.7985764611781694,0.3968280811347067,0.3968280811347069,hPSC
NANOG,hPSC,norm_mean,"[[0 0 0 1]
 [1 0 0 0]
 [0 0 0 1]
 ...
 [0 1 0 0]
 [0 0 0 1]
 [0 0 0 1]]",0.041072348396209,0.0,EH38E3937116,chrX,71282679,71283179,shared,cross_context,176102,-1,MA2339.1,Nanog,248,255,10.080860958297997,+,NANOG,ig,0.0539428340271115,0.0675486207194626,0.0670883677704319,1.006860248590383,True,0.0511428886758429,0.0574312911115703,0.0597985313193371,0.9604129104901544,False,0.0248503944437418,0.0500537958124186,0.0473935354201761,1.056131069508676,True,0.0433120390488987,1.58896005153656,0.6680837619150534,0.8019074518388578,0.8686863130001774,0.5130912509639249,0.0539428340271115,0.0511428886758429,0.0248503944437418,1.0304874364816532,0.8793136422712312,0.5712223183777061,1.8217250301788253,2.2534529926271096,0.8890685452948818,1.006860248590383,0.9604129104901544,1.056131069508676,-0.3184923482753313,-0.2030927865886214,-0.9627126666214368,hPSC,0.0667788611613195,0.8019074518388578,0.8686863130001774,0.5130912509639249,0.0667788611613195,0.06677886116131959,hPSC
NANOG,hPSC,norm_mean,"[[0 0 0 1]
 [0 0 0 1]
 [0 0 1 0]
 ...
 [0 0 1 0]
 [1 0 0 0]
 [0 1 0 0]]",0.0032009450327752,0.0,EH38E3699023,chr6,28838294,28838794,shared,cross_context,219883,-1,MA2339.1,Nanog,303,310,10.080860958297997,+,NANOG,ig,0.0308055073754595,0.0556926663219928,0.057432507077655,0.9697061726667888,False,0.03882043728871,0.0473447394766844,0.0446060395402395,1.0613972760348196,True,0.0205008494002478,0.0374376329922233,0.0377531470006158,0.9916424470571475,False,0.0300422646881391,3.575540065765381,1.8381615730329144,0.5451951238849022,0.8520148187011882,0.5459396613371923,0.0308055073754595,0.03882043728871,0.0205008494002478,0.677148012431557,1.324173977998347,0.5193092075577351,0.9795675003334317,1.2441836149386087,1.526105534312184,0.9697061726667888,1.0613972760348196,0.9916424470571475,-0.8751554332134641,-0.2310495703946184,-0.8731865826746272,hPSC,0.3060751573639959,0.5451951238849022,0.8520148187011882,0.5459396613371923,0.3060751573639959,0.30607515736399593,hPSC
NANOG,hPSC,norm_mean,"[[1 0 0 0]
 [1 0 0 0]
 [0 0 0 1]
 ...
 [0 0 1 0]
 [0 1 0 0]
 [1 0 0 0]]",0.0291628670272345,0.0,EH38E1462386,chr10,35447597,35448097,shared,cross_context,26013,-1,MA2339.1,Nanog,397,404,9.825504017313936,+,NANOG,ig,0.0460882382467389,0.0690008991240756,0.0775391827699868,0.8898841561165163,False,0.0578323777631989,0.0449152677255915,0.0462379221165254,0.971394387024044,False,0.0388826022722891,0.0464797572177485,0.0449716605862189,1.0335341474281752,True,0.0476010727607423,3.178070068359375,1.6681513867453477,0.6417852380422379,1.2683161728619958,0.8462327842079891,0.0460882382467389,0.0578323777631989,0.0388826022722891,0.7618541582051687,1.45705118428803,1.2949225879116053,1.4908907022760294,2.3765061642055163,1.5594371257355175,0.8898841561165163,0.971394387024044,1.0335341474281752,-0.6398374866410568,0.3429144344386759,-0.240873514439228,hPSC,0.4220833886540067,0.6417852380422379,1.2683161728619958,0.8462327842079891,0.4220833886540067,0.42208338865400674,hPSC
NANOG,hPSC,norm_mean,"[[0 0 0 1]
 [1 0 0 0]
 [0 1 0 0]
 ...
 [0 1 0 0]
 [1 0 0 0]
 [1 0 0 0]]",0.1010663692719149,0.0,EH38E2458133,chr6,30130938,30131438,shared,cross_context,34404,-1,MA2339.1,Nanog,164,171,9.825504017313936,+,NANOG,ig,0.0472929069240178,0.0608403268177062,0.0605272620782074,1.0051721270222496,True,0.0502075075304934,0.0493244552804389,0.0575875999909138,0.8565115879652131,False,0.0202540278966937,0.0559888121776748,0.0432010429147421,1.2960057313457032,True,0.039251480783735,0.3277199864387512,-1.6094600324380028,0.7682456557427872,0.9613363494641736,0.4250575694750461,0.0472929069240178,0.0502075075304934,0.0202540278966937,0.9992731707815448,1.1638578803336517,0.1109293075784379,1.1156047003931269,2.2243630085014616,1.257867873948984,1.0051721270222496,0.8565115879652131,1.2960057313457032,-0.3803603892856617,-0.05688680827189,-1.2342698394865876,hPSC,0.1930906937213862,0.7682456557427872,0.9613363494641736,0.4250575694750461,0.1930906937213862,0.19309069372138632,hPSC
NANOG,hPSC,norm_mean,"[[0 0 1 0]
 [1 0 0 0]
 [1 0 0 0]
 ...
 [0 0 1 0]
 [0 0 1 0]
 [0 0 1 0]]",0.1011016738239729,0.0,EH38E3133714,chr15,50907724,50908224,shared,cross_context,189117,-1,MA2339.1,Nanog,491,498,9.825504017313936,+,NANOG,ig,0.0692809969186782,0.0559423317748587,0.0558765856153331,1.0011764524807152,True,0.0571048242439116,0.0387388236401602,0.0347474659228464,1.1148672705371816,True,0.0289026862010359,0.0393261039908975,0.0360369166044984,1.0912724168322545,True,0.0517628357878753,0.4369699954986572,-1.194390572687726,1.1724081903720562,1.528941875556712,0.7781011014448123,0.0692809969186782,0.0571048242439116,0.0289026862010359,1.1811543605328774,1.6193242131379588,0.3780159263154155,1.9620525871524124,3.97735155930162,2.282679666653137,1.0011764524807152,1.1148672705371816,1.0912724168322545,0.2294749529853325,0.6125335630118287,-0.3619704711422266,hPSC,0.3565336851846556,1.1724081903720562,1.528941875556712,0.7781011014448123,0.3565336851846556,0.35653368518465567,hPSC
NANOG,hPSC,norm_mean,"[[0 0 0 1]
 [0 0 1 0]
 [0 0 1 0]
 ...
 [1 0 0 0]
 [1 0 0 0]
 [0 0 1 0]]",0.118668044860147,0.0,EH38E2728699,chr9,127699567,127700067,shared,cross_context,41886,-1,MA2339.1,Nanog,144,151,9.825504017313936,+,NANOG,ig,0.0900742406291621,0.05878343161894,0.0708760031742168,0.8293840043520427,False,0.0671229653858712,0.0439126551954541,0.0531124341662648,0.8267865635779923,False,0.0511364880949258,0.0521735298389103,0.0527772173871802,0.9885614008511444,False,0.0694445647033197,1.747979998588562,0.80568950212052,1.4134786254712353,1.450639413143488,0.9753807585391276,0.0900742406291621,0.0671229653858712,0.0511364880949258,1.6501030748439844,2.05762586361394,1.1616273202574154,2.086996135643381,1.9909187601500693,2.199838689630583,0.8293840043520427,0.8267865635779923,0.9885614008511444,0.4992500680172743,0.5366889528459411,-0.0359625809831973,hPSC,0.0371607876722526,1.4134786254712353,1.450639413143488,0.9753807585391276,0.0371607876722526,0.03716078767225284,hPSC
NANOG,hPSC,norm_mean,"[[1 0 0 0]
 [1 0 0 0]
 [0 0 0 1]
 ...
 [1 0 0 0]
 [1 0 0 0]
 [0 0 1 0]]",0.0419971440705942,0.0,EH38E3697626,chr6,26194934,26195434,shared,cross_context,150120,-1,MA2339.1,Nanog,14,21,9.825504017313936,+,NANOG,ig,0.0808387169880526,0.0806337469106074,0.0714633240364492,1.1283233282886154,True,0.0925149358808994,0.0632856986566912,0.0437410235707648,1.446826777751075,True,0.0765701359403984,0.0537587307288777,0.0397037271808949,1.3539967405069844,True,0.0833079296031168,0.0,-19.93156856932417,1.0954775532243155,1.775326762796525,1.7316001055713155,0.0808387169880526,0.0925149358808994,0.0765701359403984,1.4488047041469632,1.4577986864282748,1.5846895147019124,2.3367628271614778,4.391632911830688,4.0737256559967525,1.1283233282886154,1.446826777751075,1.3539967405069844,0.1315599245462859,0.8280845891929115,0.7921057944535631,hPSC,0.0437266572252095,1.0954775532243155,1.775326762796525,1.7316001055713155,0.0437266572252095,0.04372665722520952,hPSC
NANOG,hPSC,norm_mean,"[[0 1 0 0]
 [1 0 0 0]
 [0 1 0 0]
 ...
 [0 0 1 0]
 [0 0 1 0]
 [0 0 1 0]]",0.1386535148817755,0.0,EH38E3258120,chr18,12882872,12883372,shared,cross_context,101757,-1,MA2339.1,Nanog,421,428,9.825504017313936,+,NANOG,ig,0.0389192479529551,0.0650151894346345,0.0741348601877689,0.8769852738659141,False,0.0431244381304298,0.0411071647476637,0.0518766175286145,0.7924024113747468,False,0.02898072012301,0.0431587887875502,0.0506489725253777,0.8521156129034875,False,0.0370081354021316,0.4369699954986572,-1.194390572687726,0.5712634047217855,0.8627663661220356,0.5686493895004217,0.0389192479529551,0.0431244381304298,0.02898072012301,0.6587516724724606,0.9438859214122488,0.9331167313735126,1.048380298173462,1.916435233619817,1.047449317607649,0.8769852738659141,0.7924024113747468,0.8521156129034875,-0.8077719788892425,-0.2129581572995128,-0.8143886839910535,hPSC,0.2915029614002501,0.5712634047217855,0.8627663661220356,0.5686493895004217,0.2915029614002501,0.2915029614002501,hPSC
NANOG,hPSC,norm_mean,"[[0 0 1 0]
 [0 0 1 0]
 [0 1 0 0]
 ...
 [1 0 0 0]
 [0 1 0 0]
 [0 0 0 1]]",0.18454440785091,0.0,EH38E3455294,chr21,32727064,32727564,shared,cross_context,127307,-1,MA2339.1,Nanog,55,62,9.825504017313936,+,NANOG,ig,0.0379664482814925,0.0674832020624307,0.0603262418933445,1.1186374081675017,True,0.0815031004271337,0.0504840406659059,0.0423483365500578,1.1921136190342465,True,0.0420670215971767,0.05148644626257,0.0466759850349626,1.1030604966001083,True,0.0538455234352676,0.655489981174469,-0.6093521641800412,0.6193145333754776,1.9519032129617488,0.8682827336604312,0.0379664482814925,0.0815031004271337,0.0420670215971767,0.5766551051607428,2.4019813761266886,0.9355305192465916,1.632856100053904,4.177672326643966,2.3227389454197187,1.1186374081675017,1.1921136190342465,1.1030604966001083,-0.6912557905639256,0.964881517962668,-0.2037631979848216,hPSC,1.0836204793013176,0.6193145333754776,1.9519032129617488,0.8682827336604312,1.0836204793013176,1.0836204793013176,hPSC
NANOG,hPSC,norm_mean,"[[0 0 1 0]
 [0 1 0 0]
 [0 1 0 0]
 ...
 [0 0 1 0]
 [0 0 1 0]
 [0 0 1 0]]",0.0517801777647995,0.0,EH38E3414093,chr2,241354508,241355008,shared,cross_context,216286,-1,MA2339.1,Nanog,66,73,9.825504017313936,+,NANOG,ig,0.079789751874549,0.0554259907640516,0.0601776461931876,0.9210393735860736,False,0.053478881450636,0.0361233406059909,0.0418105107580777,0.8639772944949983,False,0.05375794986529,0.0339885512378532,0.0585004281904548,0.5809965239439685,False,0.062342194396825,0.0,-19.93156856932417,1.3571314598361055,1.3881729194116557,1.2476241400392498,0.079789751874549,0.053478881450636,0.05375794986529,1.5105801401294467,1.7376026771059565,1.4607689500108771,2.59005716921057,2.850480230479219,2.454547896105201,0.9210393735860736,0.8639772944949983,0.5809965239439685,0.4405604766228375,0.4731872911739382,0.3191833736796641,hPSC,0.0310414595755501,1.3571314598361055,1.3881729194116557,1.2476241400392498,0.0310414595755501,0.031041459575550157,hPSC
NANOG,hPSC,norm_mean,"[[0 1 0 0]
 [0 1 0 0]
 [0 0 0 1]
 ...
 [0 1 0 0]
 [1 0 0 0]
 [0 0 1 0]]",0.0316916943577274,0.0,EH38E3949209,chrX,153927057,153927557,shared,cross_context,177928,-1,MA2339.1,Nanog,352,359,9.457662929963602,+,NANOG,ig,0.0754368678400559,0.0593365851580165,0.0702797534281264,0.8442911908589267,False,0.0830116830766201,0.0588103033951483,0.0584608763220796,1.005976937659544,True,0.0458828873400177,0.0524345014587743,0.0466063128447283,1.1250512432285829,True,0.0681104794188979,0.0,-19.93156856932417,1.0817113637864666,1.4290754549621525,0.9158066059133948,0.0754368678400559,0.0830116830766201,0.0458828873400177,1.87415294215608,1.6471170115300464,1.0384351819733533,2.6001787930244302,3.280763435500933,1.5014599105297552,0.8442911908589267,1.005976937659544,1.1250512432285829,0.1133155933030338,0.515082093528495,-0.1268851217881017,hPSC,0.3473640911756857,1.0817113637864666,1.4290754549621525,0.9158066059133948,0.3473640911756857,0.3473640911756859,hPSC
NANOG,hPSC,norm_mean,"[[0 0 1 0]
 [0 0 1 0]
 [1 0 0 0]
 ...
 [0 1 0 0]
 [0 1 0 0]
 [0 0 0 1]]",0.0382731370009674,0.0,EH38E2869084,chr1,224732843,224733343,shared,cross_context,55531,-1,MA2339.1,Nanog,82,89,9.457662929963602,+,NANOG,ig,0.0470533595819558,0.067870296445908,0.0604208206245675,1.1232930058116652,True,0.0957777830106871,0.0630125834024511,0.0510474433412309,1.2343923012424975,True,0.0319830309599638,0.0776127406372688,0.0608315676636993,1.275862695298522,True,0.0582713911842022,0.0,-19.93156856932417,0.7357345083924727,1.7909166796663618,0.5074705276169706,0.0470533595819558,0.0957777830106871,0.0319830309599638,0.8208105430800051,2.735748041710804,0.5568509729526577,1.224041537586276,2.4461271496367263,1.226925443256462,1.1232930058116652,1.2343923012424975,1.275862695298522,-0.4427428327919266,0.8406982199673368,-0.9786040547624448,hPSC,1.0551821712738891,0.7357345083924727,1.7909166796663618,0.5074705276169706,1.0551821712738891,1.0551821712738891,hPSC
NANOG,hPSC,norm_mean,"[[0 1 0 0]
 [1 0 0 0]
 [0 1 0 0]
 ...
 [0 1 0 0]
 [0 0 0 1]
 [0 1 0 0]]",0.0382731370009674,0.0,EH38E2869083,chr1,224732628,224733128,shared,cross_context,207994,-1,MA2339.1,Nanog,297,304,9.457662929963602,+,NANOG,ig,0.0339140969860766,0.0662529152294155,0.0671915974869476,0.986029620474336,False,0.0422649588435888,0.0530704960413277,0.0420994984712869,1.2605965715139709,True,0.0265387798260365,0.0701501194451702,0.0450627857902033,1.5567192007296826,True,0.0342392785519006,0.0,-19.93156856932417,0.507506699379807,0.911176423197424,0.4837323762362288,0.0339140969860766,0.0422649588435888,0.0265387798260365,0.4603940584817362,0.9332419658269384,0.5796028107650804,1.466386515132967,1.7422195475115487,1.197821799610545,0.986029620474336,1.2605965715139709,1.5567192007296826,-0.9785012252183024,-0.1341976756875626,-1.047718991226195,hPSC,0.403669723817617,0.507506699379807,0.911176423197424,0.4837323762362288,0.403669723817617,0.403669723817617,hPSC
NANOG,hPSC,norm_mean,"[[0 1 0 0]
 [1 0 0 0]
 [1 0 0 0]
 ...
 [0 1 0 0]
 [0 0 1 0]
 [0 1 0 0]]",0.0696400619896778,0.0,EH38E3318047,chr19,56105403,56105903,shared,cross_context,113710,-1,MA2339.1,Nanog,424,431,8.744138535426952,+,NANOG,ig,0.0411705175148589,0.0572501030971761,0.0671094490843825,0.8530854499242901,False,0.0382765978574752,0.0331255168595816,0.0453136813397577,0.7310266694277832,False,0.0336557464408023,0.0496301453217165,0.0492332608022843,1.008061104065704,True,0.0377009539377121,0.655489981174469,-0.6093521641800412,0.650981978509189,0.7794851833136676,0.6482111449428064,0.0411705175148589,0.0382765978574752,0.0336557464408023,0.6326158511972145,0.8672210023700496,0.6471572922431725,1.2682115755298564,1.4087578963703884,1.6000238551939698,0.8530854499242901,0.7310266694277832,1.008061104065704,-0.6193104876447826,-0.3594064930295118,-0.6254642669835943,hPSC,0.1285032048044785,0.650981978509189,0.7794851833136676,0.6482111449428064,0.1285032048044785,0.12850320480447852,hPSC
NANOG,hPSC,norm_mean,"[[0 0 0 1]
 [0 1 0 0]
 [1 0 0 0]
 ...
 [1 0 0 0]
 [0 1 0 0]
 [1 0 0 0]]",0.0790947388138493,0.0,EH38E3875683,chr9,15551852,15552352,shared,cross_context,168995,-1,MA2339.1,Nanog,171,178,8.744138535426952,+,NANOG,ig,0.0886178219557872,0.0718604629044421,0.0631342305437267,1.1382169530442294,True,0.0849342186536107,0.0487164529779693,0.0379049856671179,1.2852251298429804,True,0.047375513240695,0.0448431193176656,0.0442539426063894,1.0133133127455645,True,0.073642517950031,1.625190019607544,0.7006092977375964,1.3824464121747484,2.084698265376649,1.1057515401040392,0.0886178219557872,0.0849342186536107,0.047375513240695,1.9263314711305213,1.574817600433721,0.6870666632375297,2.91723872552404,4.725818639223766,3.4280181707016584,1.1382169530442294,1.2852251298429804,1.0133133127455645,0.4672235593421706,1.059838586977695,0.1450272529456829,hPSC,0.7022518532019006,1.3824464121747484,2.084698265376649,1.1057515401040392,0.7022518532019006,0.7022518532019006,hPSC
NANOG,hPSC,norm_mean,"[[1 0 0 0]
 [0 1 0 0]
 [0 1 0 0]
 ...
 [0 0 1 0]
 [0 0 1 0]
 [0 1 0 0]]",0.0032009450327752,0.0,EH38E2785893,chr1,10835829,10836329,shared,cross_context,206807,-1,MA2339.1,Nanog,155,162,8.744138535426952,+,NANOG,ig,0.0704285922859396,0.0709413107915315,0.0899346480344588,0.7888094794817605,False,0.2228603959083557,0.0682547331566456,0.066997857804522,1.01875978136783,True,0.062093031459621,0.0541010150127112,0.0527895298193555,1.024843467055094,True,0.1184606732179721,14.85750961303711,3.893120506384162,0.8883190710042925,3.48198308568926,1.1950734400898455,0.0704285922859396,0.2228603959083557,0.062093031459621,1.111302221690471,4.096728732573936,1.1444483688024945,2.6046425901900463,5.190953038563846,2.5736861553131107,0.7888094794817605,1.01875978136783,1.024843467055094,-0.1708501289905578,1.7999091952897632,0.2570992791603944,hPSC,2.286909645599414,0.8883190710042925,3.48198308568926,1.1950734400898455,2.286909645599414,2.2869096455994145,hPSC
NANOG,hPSC,norm_mean,"[[0 0 0 1]
 [0 1 0 0]
 [0 0 0 1]
 ...
 [0 0 0 1]
 [1 0 0 0]
 [1 0 0 0]]",0.0038691323545722,0.0,EH38E3949810,chrX,154751707,154752207,shared,cross_context,178408,-1,MA2339.1,Nanog,81,88,8.744138535426952,+,NANOG,ig,0.0646279454231262,0.0558465173037257,0.0804974589738412,0.6937673695290193,False,0.0671386239784104,0.0551216979546006,0.0413774221565108,1.3321681670844596,True,0.0287829540403825,0.0507687152945436,0.0539153470215387,0.9416373756787318,False,0.053516507813973,0.0,-19.93156856932417,1.0001638680021212,1.4873514690332752,0.5874030922890874,0.0646279454231262,0.0671386239784104,0.0287829540403825,1.2885481417359832,1.9033314557248733,0.7543312583815298,1.901853481849676,2.0029795177600085,1.272592938666799,0.6937673695290193,1.3321681670844596,0.9416373756787318,0.0002363936284507,0.5727456051295203,-0.7675772319125859,hPSC,0.487187601031154,1.0001638680021212,1.4873514690332752,0.5874030922890874,0.487187601031154,0.487187601031154,hPSC
NANOG,hPSC,norm_mean,"[[0 0 1 0]
 [0 1 0 0]
 [0 1 0 0]
 ...
 [0 0 0 1]
 [0 0 1 0]
 [1 0 0 0]]",0.1230413597646049,0.0,EH38E2116929,chr20,47357883,47358383,shared,cross_context,29567,-1,MA2339.1,Nanog,120,127,8.744138535426952,+,NANOG,ig,0.039225984497794,0.0647472482873126,0.0689892395500787,0.9385121407983024,False,0.1247957125306129,0.0624600766872754,0.0493780623326879,1.2649355014599717,True,0.0700748291398797,0.0582967587461462,0.0477468177285713,1.2209556429078086,True,0.0780321753894289,1.0362999439239502,0.0514430254748436,0.605969469859526,2.425056743910646,1.4519523479858816,0.039225984497794,0.1247957125306129,0.0700748291398797,0.7868316172885088,3.1111266940975693,1.5684084517279486,0.8616471946255138,3.298676867287196,2.272609234097857,0.9385121407983024,1.2649355014599717,1.2209556429078086,-0.7226829832832526,1.2780185059155895,0.5379941069081673,hPSC,0.9731043959247644,0.605969469859526,2.425056743910646,1.4519523479858816,0.9731043959247644,0.9731043959247645,hPSC
NANOG,hPSC,norm_mean,"[[0 0 0 1]
 [0 1 0 0]
 [1 0 0 0]
 ...
 [0 0 1 0]
 [0 1 0 0]
 [0 1 0 0]]",0.0288462330128726,0.0,EH38E3295239,chr19,17617319,17617819,shared,cross_context,192318,-1,MA2339.1,Nanog,39,46,8.744138535426952,+,NANOG,ig,0.0402494271818016,0.0884702295751776,0.0667473727755714,1.3254486677424673,True,0.1063442182328019,0.0534677358699264,0.0588040679990081,0.9092521758580804,False,0.0220323248234178,0.0543349289061734,0.0846844916359987,0.641615972893393,False,0.0562086567460071,0.5181499719619751,-0.94855558236745,0.5510788605767796,2.064311049816569,0.3668553426978691,0.0402494271818016,0.1063442182328019,0.0220323248234178,0.545651272333912,2.459685490870696,0.524596412224872,1.5320484073405811,4.426267753450127,0.6367436134156722,1.3254486677424673,0.9092521758580804,0.641615972893393,-0.8596693059191525,1.0456603727281482,-1.4467167949524065,hPSC,1.51323218923979,0.5510788605767796,2.064311049816569,0.3668553426978691,1.51323218923979,1.5132321892397895,hPSC
NANOG,hPSC,norm_mean,"[[0 0 0 1]
 [0 0 1 0]
 [0 0 0 1]
 ...
 [1 0 0 0]
 [0 0 0 1]
 [0 1 0 0]]",0.1007970174422284,0.0,EH38E2050097,chr2,169789700,169790200,shared,cross_context,181477,-1,MA2339.1,Nanog,455,462,8.744138535426952,+,NANOG,ig,0.0173319574179393,0.0463348389940802,0.0700056828139349,0.6618724439629718,False,0.0615239961604986,0.0406145637336885,0.0559007269638823,0.7265479122382549,False,0.0273159846796521,0.0448396563815185,0.051727292300784,0.8668469915710053,False,0.03539064608603,6.55511999130249,2.712622409271007,0.302133617763005,1.3565137360612274,0.5796247834858292,0.0173319574179393,0.0615239961604986,0.0273159846796521,0.2493502110513915,1.6351947753468747,0.8132713889606077,0.5825928462976672,2.176487057368914,1.2621355473664442,0.6618724439629718,0.7265479122382549,0.8668469915710053,-1.7267413715161395,0.4399036574905945,-0.7868088097055614,hPSC,0.7768889525753981,0.302133617763005,1.3565137360612274,0.5796247834858292,0.7768889525753981,0.7768889525753981,hPSC
NANOG,hPSC,norm_mean,"[[0 0 1 0]
 [0 1 0 0]
 [0 1 0 0]
 ...
 [0 0 0 1]
 [0 1 0 0]
 [0 0 0 1]]",0.0052685022112102,0.0,EH38E2778712,chr1,2306764,2307264,shared,cross_context,29890,-1,MA2339.1,Nanog,451,458,8.644400639690001,+,NANOG,ig,0.0201706384707774,0.0532478453923249,0.079281960655353,0.6716261585348184,False,0.0486859357250588,0.0483575562329497,0.0508240663527976,0.9514694550919826,False,0.0274583932145365,0.0418446008351747,0.0540230746474117,0.774568892322212,False,0.0321049891367909,0.0,-19.93156856932417,0.2957462196350257,1.0060064109876463,0.4968217913852349,0.0201706384707774,0.0486859357250588,0.0274583932145365,0.2168696510060534,1.0321964525699725,0.5506868344349721,1.1344100842324338,1.8288236650987184,0.9781216150652352,0.6716261585348184,0.9514694550919826,0.774568892322212,-1.7575683625216043,0.0086395004846923,-1.0091996381635753,hPSC,0.5091846196024117,0.2957462196350257,1.0060064109876463,0.4968217913852349,0.5091846196024117,0.5091846196024115,hPSC
NANOG,hPSC,norm_mean,"[[0 0 0 1]
 [0 1 0 0]
 [0 1 0 0]
 ...
 [1 0 0 0]
 [0 0 1 0]
 [0 1 0 0]]",0.1674188522755511,0.0,EH38E3948822,chrX,153610477,153610977,shared,cross_context,177671,-1,MA2339.1,Nanog,289,296,8.644400639690001,+,NANOG,ig,0.0550160680764487,0.0511575046542566,0.078926250614481,0.6481683568430765,False,0.053262178919145,0.0393950429925462,0.0562022927270169,0.7009506920720648,False,0.0339857786893844,0.0331574522692244,0.0515828632991402,0.6427996377196205,False,0.0474213418949927,1.9664599895477293,0.9756015665278258,0.8081199784594202,1.0730346512208906,0.7656966090225877,0.0550160680764487,0.053262178919145,0.0339857786893844,0.7648621279702534,0.920182469950862,0.7337834255737596,2.112853735664255,2.393649469940405,1.9899927942977145,0.6481683568430765,0.7009506920720648,0.6427996377196205,-0.3073585928495394,0.1016966667561349,-0.3851552248241127,hPSC,0.2649146727614704,0.8081199784594202,1.0730346512208906,0.7656966090225877,0.2649146727614704,0.2649146727614704,hPSC
NANOG,hPSC,norm_mean,"[[1 0 0 0]
 [0 0 1 0]
 [0 0 1 0]
 ...
 [0 1 0 0]
 [1 0 0 0]
 [0 1 0 0]]",0.0059206986943899,0.0,EH38E1471301,chr10,60944709,60945209,shared,cross_context,4849,-1,MA2339.1,Nanog,453,460,8.644400639690001,+,NANOG,ig,0.021102599799633,0.0524266459443606,0.0669086979504209,0.7835548996583315,False,0.0348218993416854,0.0435611775174038,0.0495082749909488,0.8798765201696593,False,0.0159112018799143,0.0453682564920745,0.0478372284359647,0.9483878663440156,False,0.0239452336737442,0.4369699954986572,-1.194390572687726,0.3161738506970752,0.7236128544906786,0.3386639561190315,0.021102599799633,0.0348218993416854,0.0159112018799143,0.3505714823831053,0.4841226455331134,0.2578241588007711,0.6451183724842857,1.901601598414128,1.2548011509183412,0.7835548996583315,0.8798765201696593,0.9483878663440156,-1.6612100364473907,-0.4667100562097135,-1.562073641130488,hPSC,0.3849488983716471,0.3161738506970752,0.7236128544906786,0.3386639561190315,0.3849488983716471,0.3849488983716471,hPSC
NANOG,hPSC,norm_mean,"[[0 1 0 0]
 [1 0 0 0]
 [0 1 0 0]
 ...
 [0 1 0 0]
 [0 0 1 0]
 [0 1 0 0]]",0.1165367910487372,0.0,EH38E3555918,chr3,179071107,179071607,shared,cross_context,138435,-1,MA2339.1,Nanog,242,249,8.644400639690001,+,NANOG,ig,0.0561804559880069,0.0610304209101013,0.0592223588865659,1.030529883514092,True,0.0499526735927377,0.0438517734262859,0.0435422453395007,1.007108453257,True,0.0285439745556297,0.0391726922470843,0.043153432065409,0.907753596751541,False,0.0448923680454581,0.0,-19.93156856932417,0.9374559883696888,1.1440463677115962,0.6861787093258205,0.0561804559880069,0.0499526735927377,0.0285439745556297,1.331049875709268,1.0748030298858715,0.8044523210337713,1.3028940847970618,2.7010817654829875,1.4853599981568633,1.030529883514092,1.007108453257,0.907753596751541,-0.093177132827208,0.1941455263773106,-0.5433437299708632,hPSC,0.2065903793419073,0.9374559883696888,1.1440463677115962,0.6861787093258205,0.2065903793419073,0.20659037934190738,hPSC
NANOG,hPSC,norm_mean,"[[0 0 1 0]
 [1 0 0 0]
 [0 0 1 0]
 ...
 [0 1 0 0]
 [1 0 0 0]
 [1 0 0 0]]",0.0030246550563485,0.0,EH38E2860841,chr1,205255894,205256394,shared,cross_context,54657,-1,MA2339.1,Nanog,274,281,8.644400639690001,+,NANOG,ig,0.0492520022339054,0.0544557710492517,0.064727598116942,0.8413067102814556,False,0.0814416520297527,0.0533679126267088,0.0507944929198017,1.0506631536678337,True,0.0527422452079398,0.0609049943403806,0.0445901834781323,1.365883159270195,True,0.061145299823866,0.5243800282478333,-0.9313126041177104,0.811197691573727,1.572240708201567,1.0349093121370376,0.0492520022339054,0.0814416520297527,0.0527422452079398,0.640336651278596,1.6271560058852048,1.309843338478819,3.1020277288880647,2.5043698519765147,1.586102294373858,0.8413067102814556,1.0506631536678337,1.365883159270195,-0.3018745462408522,0.6528221103360984,0.0495043530196443,hPSC,0.5373313960645294,0.811197691573727,1.572240708201567,1.0349093121370376,0.5373313960645294,0.5373313960645294,hPSC
NANOG,hPSC,norm_mean,"[[1 0 0 0]
 [0 0 0 1]
 [0 0 0 1]
 ...
 [0 0 1 0]
 [0 0 1 0]
 [0 1 0 0]]",0.0004116981135257,0.0,EH38E3304699,chr19,38849164,38849664,shared,cross_context,55414,-1,MA2339.1,Nanog,88,95,8.644400639690001,+,NANOG,ig,0.0330016114582706,0.081716860414599,0.0551254480227362,1.4823797088614723,True,0.0245751855296215,0.0414284184994176,0.0391288390895351,1.0587691553263048,True,0.0281639719448451,0.0524024317879229,0.061295888214372,0.8549092731238603,False,0.0285802563109124,1.048799991607666,0.0687409546947935,0.5149417179730554,0.6247800298130656,0.549228895284719,0.0330016114582706,0.0245751855296215,0.0281639719448451,0.2132315657288922,0.6835951371485588,0.8666876871889061,2.020883024269923,1.317692995824114,1.241462927729108,1.4823797088614723,1.0587691553263048,0.8549092731238603,-0.9575189373615088,-0.6785797520146388,-0.8645205636667754,hPSC,0.0755511345283466,0.5149417179730554,0.6247800298130656,0.549228895284719,0.0755511345283466,0.07555113452834661,hPSC
NANOG,hPSC,norm_mean,"[[0 0 0 1]
 [0 1 0 0]
 [0 1 0 0]
 ...
 [0 0 1 0]
 [0 0 1 0]
 [0 1 0 0]]",0.1132821843835558,0.0,EH38E3283395,chr19,3285529,3286029,shared,cross_context,104767,-1,MA2339.1,Nanog,435,442,8.644400639690001,+,NANOG,ig,0.0831304628934179,0.0553996143274707,0.0655358997551957,0.8453321932115037,False,0.0810937178986413,0.0418080835463479,0.0521764771448215,0.8012820684977316,False,0.0447292508490915,0.0388789626312791,0.0422997391014359,0.9191298638213264,False,0.0696511438803835,3.933049917221069,1.9756488635111409,1.341167428883092,1.6627236476106364,1.030911595819284,0.0831304628934179,0.0810937178986413,0.0447292508490915,1.8169549615255087,2.4192551357309817,0.6824128328278467,3.133002547322245,2.343015117986932,2.169104534779834,0.8453321932115037,0.8012820684977316,0.9191298638213264,0.4234893529649596,0.7335484068036839,0.0439206233959883,hPSC,0.3215562187275445,1.341167428883092,1.6627236476106364,1.030911595819284,0.3215562187275445,0.3215562187275445,hPSC
NANOG,hPSC,norm_mean,"[[0 1 0 0]
 [0 1 0 0]
 [1 0 0 0]
 ...
 [1 0 0 0]
 [1 0 0 0]
 [0 1 0 0]]",0.0408898241073201,0.0,EH38E3220051,chr17,36849449,36849949,shared,cross_context,96076,-1,MA2339.1,Nanog,341,348,8.644400639690001,+,NANOG,ig,0.0797290514622415,0.058405008802656,0.0641555894590191,0.9103649454630008,False,0.0653841849416494,0.0498038713267305,0.0440751853735193,1.129975055236014,True,0.0528784164094499,0.0487463468685746,0.0533908080147169,0.9130099271964314,False,0.0659972176044469,0.8739500045776367,-0.1943756932326738,1.2652360933547424,1.4148577869903876,1.034103938045954,0.0797290514622415,0.0653841849416494,0.0528784164094499,0.619263441571016,0.8225146902103155,1.0601940171808275,5.413110728582455,4.16634121924233,1.7968974610591253,0.9103649454630008,1.129975055236014,0.9130099271964314,0.3394066184164258,0.5006570503209311,0.0483811999758202,hPSC,0.1496216936356451,1.2652360933547424,1.4148577869903876,1.034103938045954,0.1496216936356451,0.14962169363564515,hPSC
NANOG,hPSC,norm_mean,"[[1 0 0 0]
 [0 0 0 1]
 [0 0 1 0]
 ...
 [0 1 0 0]
 [1 0 0 0]
 [1 0 0 0]]",0.7366070301284021,1.0,EH38E2458957,chr6,31175810,31176310,shared,cross_context,10137,-1,MA2339.1,Nanog,65,72,8.644400639690001,+,NANOG,ig,0.0471933047686304,0.0734291103028226,0.0712593343359185,1.0304488623509611,True,0.0682486634302352,0.0506120081618428,0.0640758424217347,0.789876470604316,False,0.0434024505583303,0.0460452805762179,0.0373179169301874,1.2338649106194222,True,0.0529481395857319,1.554460048675537,0.6364144664141381,0.7016574334718875,1.3509561997379749,1.123217592506535,0.0471933047686304,0.0682486634302352,0.0434024505583303,0.8972876862722986,2.159544530771581,1.2910720920172318,1.312491191457083,2.123677806298499,2.398621071625729,1.0304488623509611,0.789876470604316,1.2338649106194222,-0.5111612498464673,0.4339809019008808,0.1676374385701426,hPSC,0.2277386072314395,0.7016574334718875,1.3509561997379749,1.123217592506535,0.2277386072314395,0.2277386072314398,hPSC
NANOG,hPSC,norm_mean,"[[1 0 0 0]
 [0 0 0 1]
 [0 1 0 0]
 ...
 [0 1 0 0]
 [1 0 0 0]
 [0 0 0 1]]",0.0052685022112102,0.0,EH38E2778713,chr1,2307156,2307656,shared,cross_context,44208,-1,MA2339.1,Nanog,59,66,8.644400639690001,+,NANOG,ig,0.0490249109321406,0.0840817707416135,0.0928953137225471,0.905123825099558,False,0.0841722632093089,0.0627407469216268,0.0454824287677183,1.3794499288406172,True,0.0470927783421107,0.0539533301093615,0.0637482705438742,0.8463495744364213,False,0.0600966508278534,0.0,-19.93156856932417,0.6005824726823042,1.6965088433678603,0.8693043872229023,0.0490249109321406,0.0841722632093089,0.0470927783421107,0.5758269893350394,1.9493380368266693,1.107561320292652,1.1311565704441011,3.661995829925395,1.8185955724649148,0.905123825099558,1.3794499288406172,0.8463495744364213,-0.735565720392831,0.7625689512350917,-0.2020666675737422,hPSC,0.8272044561449581,0.6005824726823042,1.6965088433678603,0.8693043872229023,0.8272044561449581,0.8272044561449581,hPSC
NANOG,hPSC,norm_mean,"[[0 0 0 1]
 [0 1 0 0]
 [1 0 0 0]
 ...
 [0 1 0 0]
 [0 0 0 1]
 [0 0 0 1]]",0.0390592457788666,0.0,EH38E3948899,chrX,153686191,153686691,shared,cross_context,25768,-1,MA2339.1,Nanog,87,94,8.644400639690001,+,NANOG,ig,0.0994738063641956,0.0936825046222657,0.0731643501319922,1.280439061494663,True,0.0850431695580482,0.0559480104543035,0.0432215134159196,1.2944479054085465,True,0.0480889993320618,0.0666018799925223,0.0485237545409472,1.3725620965850585,True,0.0775353250847685,1.2857099771499634,0.3625663668526667,1.2670689964226782,1.879405744735401,0.8945621695508084,0.0994738063641956,0.0850431695580482,0.0480889993320618,1.4918949546359677,2.206587911641673,0.8883582902049235,2.9816618135560176,3.227259615786004,2.691840371022738,1.280439061494663,1.2944479054085465,1.3725620965850585,0.3414950876430703,0.9102765644525764,-0.1607463442719924,hPSC,0.6123367483127229,1.2670689964226782,1.879405744735401,0.8945621695508084,0.6123367483127229,0.6123367483127227,hPSC
NANOG,hPSC,norm_mean,"[[1 0 0 0]
 [1 0 0 0]
 [0 0 1 0]
 ...
 [0 0 0 1]
 [0 0 1 0]
 [0 0 0 1]]",0.0561173298563762,0.0,EH38E2348195,chr4,183398130,183398630,shared,cross_context,31426,-1,MA2339.1,Nanog,7,14,8.512286830064843,+,NANOG,ig,0.0344930057679968,0.0465949679505138,0.052066215359373,0.8949173409231161,False,0.0405278895050287,0.0601161604531807,0.0375142460619099,1.6024884074462469,True,0.0209411304177982,0.0551321500731864,0.0339441330003319,1.6242021509468474,True,0.0319873418969412,1.747979998588562,0.80568950212052,0.6490238837453056,0.8420820623485973,0.4960462062729333,0.0344930057679968,0.0405278895050287,0.0209411304177982,0.2812763105069876,0.7198741624338661,0.3486556980534663,1.682150902997647,1.9133003637436332,1.2623542828614738,0.8949173409231161,1.6024884074462469,1.6242021509468474,-0.6236565230272857,-0.247967259912756,-1.011453579318458,hPSC,0.1930581786032916,0.6490238837453056,0.8420820623485973,0.4960462062729333,0.1930581786032916,0.19305817860329166,hPSC
NANOG,hPSC,norm_mean,"[[0 0 0 1]
 [0 0 0 1]
 [0 1 0 0]
 ...
 [0 1 0 0]
 [0 1 0 0]
 [0 0 1 0]]",0.1888060145538745,0.0,EH38E3625921,chr5,10441309,10441809,shared,cross_context,41581,-1,MA2339.1,Nanog,268,275,8.512286830064843,+,NANOG,ig,0.0422686258597033,0.0501317904394818,0.0605094562708519,0.8284950029980822,False,0.0422130434640816,0.0476747060817433,0.0547444962042694,0.87085827213152,False,0.0352568700244384,0.0473080110969021,0.0460552845373361,1.02720027245837,True,0.0399128464494077,2.0727100372314453,1.0515190000886976,0.7487045669066098,0.8120569726393589,0.7574852218360847,0.0422686258597033,0.0422130434640816,0.0352568700244384,1.072842969712413,0.6256623579055797,0.7897537475727858,1.4823236739600223,1.7020661839303266,1.6128625197259494,0.8284950029980822,0.87085827213152,1.02720027245837,-0.4175315384142483,-0.300347144935667,-0.4007103503929219,hPSC,0.0545717508032742,0.7487045669066098,0.8120569726393589,0.7574852218360847,0.0545717508032742,0.054571750803274255,hPSC
NANOG,hPSC,norm_mean,"[[1 0 0 0]
 [0 0 0 1]
 [0 0 0 1]
 ...
 [1 0 0 0]
 [0 0 1 0]
 [0 0 1 0]]",0.014859658554985,0.0,EH38E2408969,chr5,132962147,132962647,shared,cross_context,205333,-1,MA2339.1,Nanog,377,384,8.35757422037414,+,NANOG,ig,0.0467789570268775,0.0661164674878091,0.0653971228959311,1.0109994820877342,True,0.0597084035564746,0.0442268607561709,0.0434831686243655,1.0171027545669955,True,0.0364671783255679,0.043368766811327,0.0513501910905249,0.8445685876647797,False,0.04765151296964,0.4369699954986572,-1.194390572687726,0.7188406901311809,1.399873308773207,0.7899186060125273,0.0467789570268775,0.0597084035564746,0.0364671783255679,0.573422046912339,1.7313075257704218,0.816576083010052,1.6314219962788867,2.38320352370886,1.9636225903050413,1.0109994820877342,1.0171027545669955,0.8445685876647797,-0.4762560176594448,0.485296267432835,-0.3402240888240962,hPSC,0.6099547027606796,0.7188406901311809,1.399873308773207,0.7899186060125273,0.6099547027606796,0.6099547027606796,hPSC
NANOG,hPSC,norm_mean,"[[0 0 0 1]
 [1 0 0 0]
 [1 0 0 0]
 ...
 [0 0 1 0]
 [0 1 0 0]
 [0 0 1 0]]",0.1135032151031756,0.0,EH38E3718517,chr6,82247197,82247697,shared,cross_context,154197,-1,MA2339.1,Nanog,447,454,8.35757422037414,+,NANOG,ig,0.0412492787997637,0.0600068562378874,0.0672333441802766,0.8925161769705496,False,0.038601747364737,0.0355528592567134,0.0421993733814451,0.8424971269211909,False,0.0198361970750348,0.0383333074551774,0.0455773807916557,0.8410597181924561,False,0.0332290744131785,1.702489972114563,0.7676471480052862,0.6471224405659742,0.9425508334849664,0.4715608946667017,0.0412492787997637,0.038601747364737,0.0198361970750348,0.8917221135149683,1.4296826510153713,0.4880948005807026,1.637714580884469,1.8295842459671536,1.2453821683514752,0.8925161769705496,0.8424971269211909,0.8410597181924561,-0.6278893855637677,-0.0853576657032501,-1.084484007542553,hPSC,0.295428392918992,0.6471224405659742,0.9425508334849664,0.4715608946667017,0.295428392918992,0.29542839291899214,hPSC
NANOG,hPSC,norm_mean,"[[0 0 0 1]
 [1 0 0 0]
 [0 0 0 1]
 ...
 [1 0 0 0]
 [0 0 1 0]
 [1 0 0 0]]",0.1779406163533594,0.0,EH38E3949866,chrX,154840830,154841330,shared,cross_context,178445,-1,MA2339.1,Nanog,185,192,8.35757422037414,+,NANOG,ig,0.0643391332456043,0.0773001790756825,0.0659989567405621,1.1712331706577277,True,0.1400536586131368,0.0587258886592462,0.0395283398065657,1.4856650719451918,True,0.0535137094557285,0.0483687494206242,0.0457543827441339,1.0571389219634089,True,0.0859688337714899,1.2857099771499634,0.3625663668526667,0.9259257938381684,3.0153692142939983,1.1591326870504313,0.0643391332456043,0.1400536586131368,0.0535137094557285,1.1679035003651064,3.750557664615923,1.6818922581554028,1.278167659047418,4.517629372345303,2.0194925349955404,1.1712331706577277,1.4856650719451918,1.0571389219634089,-0.1110315166379886,1.5923346629749102,0.2130457237519294,hPSC,1.856236527243567,0.9259257938381684,3.0153692142939983,1.1591326870504313,1.856236527243567,1.856236527243567,hPSC
NANOG,hPSC,norm_mean,"[[0 1 0 0]
 [0 0 0 1]
 [0 0 0 1]
 ...
 [1 0 0 0]
 [1 0 0 0]
 [0 0 1 0]]",0.1268402813252152,0.0,EH38E3379130,chr2,156400140,156400640,shared,cross_context,119549,-1,MA2339.1,Nanog,285,292,8.35757422037414,+,NANOG,ig,0.0373312405177525,0.0527851256146095,0.0562568195858218,0.9382883110055814,False,0.0681715736032596,0.038575068875798,0.0431521860703539,0.8939306081411588,False,0.0534291594688381,0.0473401679040398,0.0353240985046469,1.3401659633621668,True,0.0529773245299501,5.959169864654541,2.5751116137975405,0.679977630708784,1.6480795409886144,1.3351323289743455,0.0373312405177525,0.0681715736032596,0.0534291594688381,0.6083987839435598,2.346038385059115,1.6580991202429545,1.6394910805541998,3.323022826026287,1.9929229339456245,0.9382883110055814,0.8939306081411588,1.3401659633621668,-0.556440806103188,0.7207858736274666,0.4169827399176566,hPSC,0.3129472120142689,0.679977630708784,1.6480795409886144,1.3351323289743455,0.3129472120142689,0.3129472120142689,hPSC
NANOG,hPSC,norm_mean,"[[0 0 1 0]
 [0 1 0 0]
 [0 0 1 0]
 ...
 [0 0 0 1]
 [0 1 0 0]
 [0 0 1 0]]",0.0664655925596505,0.0,EH38E2083013,chr2,231680205,231680705,shared,cross_context,24217,-1,MA2339.1,Nanog,64,71,8.05682623149494,+,NANOG,ig,0.0449125476713691,0.0537413254077546,0.0765437346231192,0.7020995075739034,False,0.0584065426872777,0.045446441177628,0.0414328771672444,1.096868798792196,True,0.0370075569621154,0.0534111442766152,0.0540245307260192,0.9886459664226512,False,0.0467755491069207,1.310960054397583,0.3906248270836566,0.7237846409929034,1.2994419419678838,0.7590466096961578,0.0449125476713691,0.0584065426872777,0.0370075569621154,0.9962887496873356,0.7149819928213026,0.7431779941590025,1.290147186265458,3.519109592464408,1.983805295085288,0.7020995075739034,1.096868798792196,0.9886459664226512,-0.4663675994396196,0.377892177893687,-0.397739615102348,hPSC,0.540395332271726,0.7237846409929034,1.2994419419678838,0.7590466096961578,0.540395332271726,0.540395332271726,hPSC
NANOG,hPSC,norm_mean,"[[0 0 1 0]
 [0 0 1 0]
 [0 1 0 0]
 ...
 [0 1 0 0]
 [0 0 0 1]
 [0 1 0 0]]",0.0091817280904385,0.0,EH38E2839712,chr1,155081193,155081693,shared,cross_context,52746,-1,MA2339.1,Nanog,354,361,8.05682623149494,+,NANOG,ig,0.0436963423022202,0.050091887867311,0.0642061865249393,0.7801721730682812,False,0.0306198916597557,0.0340839222233626,0.0386858317656351,0.8810438307081009,False,0.0263621115757684,0.0477069364127237,0.048799263721551,0.9776157056135664,False,0.0335594485125814,0.4256100058555603,-1.2323926369807308,0.7821771427184286,0.8290996125139485,0.5622485525276795,0.0436963423022202,0.0306198916597557,0.0263621115757684,0.9198644459289298,0.7749338903924852,0.9885445290627792,1.7866561657175115,1.6925960717999324,1.094884960439793,0.7801721730682812,0.8810438307081009,0.9776157056135664,-0.3544327157148083,-0.2703826478237763,-0.8307200504380772,hPSC,0.0469224697955198,0.7821771427184286,0.8290996125139485,0.5622485525276795,0.0469224697955198,0.04692246979551984,hPSC
NANOG,hPSC,norm_mean,"[[1 0 0 0]
 [1 0 0 0]
 [1 0 0 0]
 ...
 [1 0 0 0]
 [0 1 0 0]
 [1 0 0 0]]",0.7716105392663135,1.0,EH38E1525302,chr11,18588529,18589029,shared,cross_context,6447,-1,MA2339.1,Nanog,271,278,8.05682623149494,+,NANOG,ig,0.0541516867067132,0.0657206506282091,0.0655365072717615,1.0028096298691616,True,0.0960476858807461,0.0547395540226716,0.0530502340563823,1.0318435851962129,True,0.0304292534877147,0.0529176301625557,0.0634302885864133,0.8342642450352683,False,0.060209542025058,7.377679824829102,2.883167376129963,0.8253768590490285,1.7882603414917708,0.5129351631831807,0.0541516867067132,0.0960476858807461,0.0304292534877147,0.7856253176365701,2.221367481251746,0.5676788525575793,1.905912514013086,3.100163992703693,1.2207382476427209,1.0028096298691616,1.0318435851962129,0.8342642450352683,-0.2768751028235848,0.8385567854474856,-0.9631516164679834,hPSC,0.9628834824427424,0.8253768590490285,1.7882603414917708,0.5129351631831807,0.9628834824427424,0.9628834824427424,hPSC
NANOG,hPSC,norm_mean,"[[0 1 0 0]
 [1 0 0 0]
 [1 0 0 0]
 ...
 [0 1 0 0]
 [0 0 0 1]
 [0 0 0 1]]",1.0,1.0,EH38E3474948,chr22,29602932,29603432,shared,cross_context,217210,-1,MA2339.1,Nanog,377,384,8.05682623149494,+,NANOG,ig,0.0356838429745818,0.0564759124591,0.0709417901244737,0.7960879532237419,False,0.0836672064449105,0.0576005088415695,0.0602835481002894,0.9554928517282218,False,0.0418233484295862,0.0456552653358085,0.0515140386846253,0.8862682414134254,False,0.0537247992830262,0.5618199706077576,-0.8318176191820877,0.4753889396276566,1.448200842163789,0.7375987626054805,0.0356838429745818,0.0836672064449105,0.0418233484295862,0.4030643717514179,1.270970887243711,0.8029033038079338,1.3361043504546124,2.7747633322511827,1.613198277711578,0.7960879532237419,0.9554928517282218,0.8862682414134254,-1.0728197538434987,0.5342616958901494,-0.4390918574250692,hPSC,0.7106020795583086,0.4753889396276566,1.448200842163789,0.7375987626054805,0.7106020795583086,0.7106020795583086,hPSC
NANOG,hPSC,norm_mean,"[[0 1 0 0]
 [0 0 0 1]
 [0 0 1 0]
 ...
 [0 0 1 0]
 [1 0 0 0]
 [1 0 0 0]]",0.0415461794428612,0.0,EH38E2857439,chr1,201015877,201016377,shared,cross_context,15868,-1,MA2339.1,Nanog,316,323,8.05682623149494,+,NANOG,ig,0.0522801388454224,0.0553452444088179,0.0593103073623171,0.9331469948259226,False,0.1169537066348961,0.0600097352928423,0.042816844854445,1.4015446836729162,True,0.0650969006653342,0.0600662039595772,0.0470599581244315,1.2763757893068646,True,0.0781102487152176,0.931029975414276,-0.1030989278195436,0.9017132073195194,2.328638836787241,1.2470039640089057,0.0522801388454224,0.1169537066348961,0.0650969006653342,0.9599561963919894,3.231350650444343,1.1411046381478709,1.7794115697644823,3.749227818103528,2.216389047595772,0.9331469948259226,1.4015446836729162,1.2763757893068646,-0.1492594404817562,1.2194869008895597,0.3184660524086342,hPSC,1.081634872778336,0.9017132073195194,2.328638836787241,1.2470039640089057,1.081634872778336,1.0816348727783354,hPSC
NANOG,hPSC,norm_mean,"[[0 0 0 1]
 [0 0 1 0]
 [0 0 1 0]
 ...
 [0 1 0 0]
 [1 0 0 0]
 [0 0 1 0]]",0.0266805940089333,0.0,EH38E3701144,chr6,31969341,31969841,shared,cross_context,43600,-1,MA2339.1,Nanog,234,241,8.05682623149494,+,NANOG,ig,0.0396953509854418,0.0602072377351578,0.0791218774408125,0.7609428905522012,False,0.0689124016623411,0.0393116738813114,0.0574845662579322,0.6838647240769535,False,0.0298402692590441,0.050350845955545,0.0495310954313773,1.0165500147236466,True,0.046149340635609,0.7448800206184387,-0.4249180916909086,0.5533737519538691,1.367695437587736,0.5985854528555962,0.0396953509854418,0.0689124016623411,0.0298402692590441,0.5517194707599832,1.6747353769625788,0.7719449330616083,1.1256693464290852,2.38485155585542,1.2507493670142686,0.7609428905522012,0.6838647240769535,1.0165500147236466,-0.8536738777217475,0.4517470035004431,-0.7403708743630394,hPSC,0.7691099847321398,0.5533737519538691,1.367695437587736,0.5985854528555962,0.7691099847321398,0.7691099847321398,hPSC
NANOG,hPSC,norm_mean,"[[0 1 0 0]
 [1 0 0 0]
 [1 0 0 0]
 ...
 [1 0 0 0]
 [0 0 1 0]
 [0 0 1 0]]",0.1559357140289884,0.0,EH38E3701231,chr6,32088396,32088896,shared,cross_context,21975,-1,MA2339.1,Nanog,295,302,8.05682623149494,+,NANOG,ig,0.0781996101140976,0.0606733180338051,0.0756748955665478,0.8017627188242678,False,0.0661205396588359,0.0564990447016316,0.0438169986281979,1.2894318090275172,True,0.0491630862733083,0.0457624897127971,0.0543942751358442,0.8413106192775566,False,0.0644944120154139,2.3834400177001958,1.2530459239079823,1.1200990798484085,1.3557368973198411,0.9635572881300862,0.0781996101140976,0.0661205396588359,0.0491630862733083,1.0928133138507314,1.769417433213731,1.1611687652577083,2.136684305065016,2.1156617853127675,1.519320507493708,0.8017627188242678,1.2894318090275172,0.8413106192775566,0.1636263547170489,0.439077228387181,-0.053557649137733,hPSC,0.2356378174714326,1.1200990798484085,1.3557368973198411,0.9635572881300862,0.2356378174714326,0.23563781747143264,hPSC
NANOG,hPSC,norm_mean,"[[0 0 1 0]
 [0 0 0 1]
 [0 1 0 0]
 ...
 [1 0 0 0]
 [0 0 1 0]
 [0 0 1 0]]",0.0206201547256165,0.0,EH38E3417563,chr20,4171682,4172182,shared,cross_context,122752,-1,MA2339.1,Nanog,69,76,8.05682623149494,+,NANOG,ig,0.046937834338418,0.0622179493284784,0.0638238971773535,0.9748376757252978,False,0.0640376093132155,0.0537039642123272,0.0591550915772677,0.9078500886720604,False,0.0516101455848131,0.0639237166929524,0.0529056370217585,1.2082588587691296,True,0.0541951964121489,0.2621900141239166,-1.931309852886092,0.7249466994837007,1.1749714304681178,0.9100825495889938,0.046937834338418,0.0640376093132155,0.0516101455848131,0.7159432117828768,0.828253922920858,1.1098785872857009,1.6041427881069463,2.49859860121821,1.3740638793159314,0.9748376757252978,0.9078500886720604,1.2082588587691296,-0.4640531656556687,0.2326256791899928,-0.1359306815278655,hPSC,0.264888880879124,0.7249466994837007,1.1749714304681178,0.9100825495889938,0.264888880879124,0.264888880879124,hPSC
NANOG,hPSC,norm_mean,"[[1 0 0 0]
 [0 0 1 0]
 [0 1 0 0]
 ...
 [0 0 1 0]
 [1 0 0 0]
 [0 0 1 0]]",0.655867215834277,1.0,EH38E3582378,chr4,41935167,41935667,shared,cross_context,141171,-1,MA2339.1,Nanog,461,468,8.05682623149494,+,NANOG,ig,0.0339647781636033,0.054612282362068,0.0565645441517699,0.9654859510699284,False,0.0317299987322517,0.0492510287347249,0.0520877932448638,0.9455386034077256,False,0.0234922768348561,0.0508611945930169,0.057248556514969,0.8884273910983961,False,0.0297290179102371,3.93284010887146,1.975571900983665,0.6206305177328915,0.6737451087344316,0.4510205175080437,0.0339647781636033,0.0317299987322517,0.0234922768348561,0.6177996361811073,0.6938080293063958,0.3264780495001629,1.2709913796218069,1.4915295181931123,1.4654656482891653,0.9654859510699284,0.9455386034077256,0.8884273910983961,-0.6881934535443561,-0.5697251985435379,-1.14873502664741,hPSC,0.0531145910015401,0.6206305177328915,0.6737451087344316,0.4510205175080437,0.0531145910015401,0.053114591001540146,hPSC
NANOG,hPSC,norm_mean,"[[0 1 0 0]
 [1 0 0 0]
 [0 1 0 0]
 ...
 [0 0 0 1]
 [0 0 1 0]
 [0 0 0 1]]",0.0089165030960616,0.0,EH38E2459792,chr6,32140331,32140831,shared,cross_context,34702,-1,MA2339.1,Nanog,73,80,8.05682623149494,+,NANOG,ig,0.0589593494577067,0.0868254939420148,0.0581692125741392,1.492636313496402,True,0.0738806809697832,0.0732043280254583,0.044588713022531,1.641767762410861,True,0.0402146009063082,0.0498049019349855,0.0470896454132162,1.057661210258236,True,0.057684877111266,0.0,-19.93156856932417,0.85466619047736,1.3700603495334855,0.8523753227127506,0.0589593494577067,0.0738806809697832,0.0402146009063082,1.0179551412052157,1.5726012505273488,0.5794647085484547,1.7314087630113066,2.2077330794021037,2.9479279698679157,1.492636313496402,1.641767762410861,1.057661210258236,-0.2265670408941201,0.454239444643982,-0.2304392672202336,hPSC,0.5153941590561255,0.85466619047736,1.3700603495334855,0.8523753227127506,0.5153941590561255,0.5153941590561255,hPSC
