tf,cl1,cl2,agg_delta_grad,agg_delta_chip_log2,n_hits,grad_agg,chip_agg,chip_win_stat,cre_filter_id
ATF3,K562,HepG2,0.038755418786693495,-0.3640719779196876,28,mean,median,median,p10_p20_e1p2_pwm12p0_dg0p02_n5_pftop50_onone_m2
CREB1,K562,HepG2,0.02521185839908535,0.0858632116923918,11,mean,median,median,p10_p20_e1p2_pwm12p0_dg0p02_n5_pftop50_onone_m2
CREM,K562,HepG2,0.03378908353236817,0.2479894435815551,6,mean,median,median,p10_p20_e1p2_pwm12p0_dg0p02_n5_pftop50_onone_m2
CTCF,K562,HepG2,0.03040108773737419,0.0047782830758416,33,mean,median,median,p10_p20_e1p2_pwm12p0_dg0p02_n5_pftop50_onone_m2
E2F8,K562,HepG2,0.042959444902630275,-0.1260239179413879,5,mean,median,median,p10_p20_e1p2_pwm12p0_dg0p02_n5_pftop50_onone_m2
EGR1,K562,HepG2,0.0369232523390868,-0.7532888782798814,24,mean,median,median,p10_p20_e1p2_pwm12p0_dg0p02_n5_pftop50_onone_m2
ELF1,K562,HepG2,0.019996542484329055,-0.6206614952913978,17,mean,median,median,p10_p20_e1p2_pwm12p0_dg0p02_n5_pftop50_onone_m2
FOSL1,K562,HepG2,0.043848231885330886,0.7014317661591816,7,mean,median,median,p10_p20_e1p2_pwm12p0_dg0p02_n5_pftop50_onone_m2
GABPA,K562,HepG2,0.032693744497373674,0.860387718800068,12,mean,median,median,p10_p20_e1p2_pwm12p0_dg0p02_n5_pftop50_onone_m2
JUN,K562,HepG2,0.03555078317546754,-0.2444403764796372,23,mean,median,median,p10_p20_e1p2_pwm12p0_dg0p02_n5_pftop50_onone_m2
JUND,K562,HepG2,0.04490953441615206,1.2698143773935429,8,mean,median,median,p10_p20_e1p2_pwm12p0_dg0p02_n5_pftop50_onone_m2
MAFK,K562,HepG2,0.02832051305112574,0.3400922115573612,19,mean,median,median,p10_p20_e1p2_pwm12p0_dg0p02_n5_pftop50_onone_m2
MAZ,K562,HepG2,0.01422439014037321,0.8094692450556384,91,mean,median,median,p10_p20_e1p2_pwm12p0_dg0p02_n5_pftop50_onone_m2
MYC,K562,HepG2,0.01829328738346124,-0.47146579575236247,22,mean,median,median,p10_p20_e1p2_pwm12p0_dg0p02_n5_pftop50_onone_m2
NRF1,K562,HepG2,0.05099695020908257,1.5856074541854979,8,mean,median,median,p10_p20_e1p2_pwm12p0_dg0p02_n5_pftop50_onone_m2
RFX5,K562,HepG2,0.04422371419745362,-0.3524878359821817,5,mean,median,median,p10_p20_e1p2_pwm12p0_dg0p02_n5_pftop50_onone_m2
SP1,K562,HepG2,0.0293090063650859,0.6779588725180132,106,mean,median,median,p10_p20_e1p2_pwm12p0_dg0p02_n5_pftop50_onone_m2
SP2,K562,HepG2,0.026300966678617338,0.973877588825169,96,mean,median,median,p10_p20_e1p2_pwm12p0_dg0p02_n5_pftop50_onone_m2
TCF12,K562,HepG2,0.012661425092778063,0.3662431563562243,57,mean,median,median,p10_p20_e1p2_pwm12p0_dg0p02_n5_pftop50_onone_m2
TEAD4,K562,HepG2,0.01745014044519682,-1.1055712137482632,11,mean,median,median,p10_p20_e1p2_pwm12p0_dg0p02_n5_pftop50_onone_m2
USF1,K562,HepG2,0.018213265691883862,-0.6002044822789213,8,mean,median,median,p10_p20_e1p2_pwm12p0_dg0p02_n5_pftop50_onone_m2
USF2,K562,HepG2,0.03071570357174744,-0.085624004970233,7,mean,median,median,p10_p20_e1p2_pwm12p0_dg0p02_n5_pftop50_onone_m2
ATF1,K562,hPSC,0.04829798861464948,-0.27024358120661474,10,mean,median,median,p10_p20_e1p2_pwm10p0_dg0p02_n5_pftop50_oiqr_m2
ATF2,K562,hPSC,0.03283767203748634,-0.8533036375924427,9,mean,median,median,p10_p20_e1p2_pwm10p0_dg0p02_n5_pftop50_oiqr_m2
ATF3,K562,hPSC,0.032383209029157166,0.5652462725316101,30,mean,median,median,p10_p20_e1p2_pwm10p0_dg0p02_n5_pftop50_oiqr_m2
BACH1,K562,hPSC,0.022827208603830723,0.0388840637564422,18,mean,median,median,p10_p20_e1p2_pwm10p0_dg0p02_n5_pftop50_oiqr_m2
BCL11A,K562,hPSC,0.02214066849704804,0.0,48,mean,median,median,p10_p20_e1p2_pwm10p0_dg0p02_n5_pftop50_oiqr_m2
CREB1,K562,hPSC,0.037079102892005854,-0.3633373851415631,19,mean,median,median,p10_p20_e1p2_pwm10p0_dg0p02_n5_pftop50_oiqr_m2
CTCF,K562,hPSC,0.03705310102177434,2.2289400046094974,39,mean,median,median,p10_p20_e1p2_pwm10p0_dg0p02_n5_pftop50_oiqr_m2
EGR1,K562,hPSC,0.029916867001156783,0.5105910640390429,68,mean,median,median,p10_p20_e1p2_pwm10p0_dg0p02_n5_pftop50_oiqr_m2
ETS1,K562,hPSC,0.02277458618153578,-0.8600283884739839,15,mean,median,median,p10_p20_e1p2_pwm10p0_dg0p02_n5_pftop50_oiqr_m2
FOSL1,K562,hPSC,0.04658158097027189,0.5755066299839202,28,mean,median,median,p10_p20_e1p2_pwm10p0_dg0p02_n5_pftop50_oiqr_m2
GABPA,K562,hPSC,0.022938145656371485,-0.39326835728076814,36,mean,median,median,p10_p20_e1p2_pwm10p0_dg0p02_n5_pftop50_oiqr_m2
JUN,K562,hPSC,0.04466792263829569,0.09423653141741625,44,mean,median,median,p10_p20_e1p2_pwm10p0_dg0p02_n5_pftop50_oiqr_m2
JUND,K562,hPSC,0.040862753434960146,0.545242756918451,18,mean,median,median,p10_p20_e1p2_pwm10p0_dg0p02_n5_pftop50_oiqr_m2
MAFK,K562,hPSC,0.025685665040733642,0.5739642483834503,26,mean,median,median,p10_p20_e1p2_pwm10p0_dg0p02_n5_pftop50_oiqr_m2
MAX,K562,hPSC,0.04042932639730269,2.3414480356229026,46,mean,median,median,p10_p20_e1p2_pwm10p0_dg0p02_n5_pftop50_oiqr_m2
MAZ,K562,hPSC,0.01972349340607291,0.3494082672922134,94,mean,median,median,p10_p20_e1p2_pwm10p0_dg0p02_n5_pftop50_oiqr_m2
MXI1,K562,hPSC,0.024132830628830575,0.0,59,mean,median,median,p10_p20_e1p2_pwm10p0_dg0p02_n5_pftop50_oiqr_m2
MYC,K562,hPSC,0.022927265918538463,0.04927571579807025,22,mean,median,median,p10_p20_e1p2_pwm10p0_dg0p02_n5_pftop50_oiqr_m2
NRF1,K562,hPSC,0.035098604408355605,0.1260312851980611,22,mean,median,median,p10_p20_e1p2_pwm10p0_dg0p02_n5_pftop50_oiqr_m2
POU5F1,K562,hPSC,0.038638338162659464,0.5881506935663312,22,mean,median,median,p10_p20_e1p2_pwm10p0_dg0p02_n5_pftop50_oiqr_m2
SP1,K562,hPSC,0.02772042729826536,-0.10118263151536065,124,mean,median,median,p10_p20_e1p2_pwm10p0_dg0p02_n5_pftop50_oiqr_m2
TBP,K562,hPSC,0.038307010957526345,0.1599441006503584,20,mean,median,median,p10_p20_e1p2_pwm10p0_dg0p02_n5_pftop50_oiqr_m2
TCF12,K562,hPSC,0.02548982758189397,-0.20011802489968739,220,mean,median,median,p10_p20_e1p2_pwm10p0_dg0p02_n5_pftop50_oiqr_m2
TEAD4,K562,hPSC,0.02203730623519873,-0.5023288557135804,13,mean,median,median,p10_p20_e1p2_pwm10p0_dg0p02_n5_pftop50_oiqr_m2
USF1,K562,hPSC,0.046832900730749714,0.316243850606529,13,mean,median,median,p10_p20_e1p2_pwm10p0_dg0p02_n5_pftop50_oiqr_m2
USF2,K562,hPSC,0.020525165354936432,-0.5403120942232034,9,mean,median,median,p10_p20_e1p2_pwm10p0_dg0p02_n5_pftop50_oiqr_m2
ZNF274,K562,hPSC,0.03259814147604626,1.017271395439013,5,mean,median,median,p10_p20_e1p2_pwm10p0_dg0p02_n5_pftop50_oiqr_m2
ATF1,hPSC,HepG2,0.012053143956179048,0.4240900483677607,13,mean,median,median,p10_p20_enone_pwm12p0_dg0p01_n1_pftop50_onone_m1
ATF2,hPSC,HepG2,-0.0023207846010758386,-0.2410881927059913,69,mean,median,median,p10_p20_enone_pwm12p0_dg0p01_n1_pftop50_onone_m1
ATF3,hPSC,HepG2,-0.003481664150350221,-0.7358454099476684,344,mean,median,median,p10_p20_enone_pwm12p0_dg0p01_n1_pftop50_onone_m1
CEBPB,hPSC,HepG2,0.024693297045139027,0.8406304619405105,7,mean,median,median,p10_p20_enone_pwm12p0_dg0p01_n1_pftop50_onone_m1
CREB1,hPSC,HepG2,-0.004924434980385112,0.6873691721635187,131,mean,median,median,p10_p20_enone_pwm12p0_dg0p01_n1_pftop50_onone_m1
CTCF,hPSC,HepG2,-0.0008337458101414859,-2.1573079879820796,412,mean,median,median,p10_p20_enone_pwm12p0_dg0p01_n1_pftop50_onone_m1
EGR1,hPSC,HepG2,-0.0023596781270723384,-1.4422151798536242,372,mean,median,median,p10_p20_enone_pwm12p0_dg0p01_n1_pftop50_onone_m1
ETS1,hPSC,HepG2,0.006600291080763803,0.6163807741184809,37,mean,median,median,p10_p20_enone_pwm12p0_dg0p01_n1_pftop50_onone_m1
FOSL1,hPSC,HepG2,-0.0065567351947373054,-0.1591235873033973,133,mean,median,median,p10_p20_enone_pwm12p0_dg0p01_n1_pftop50_onone_m1
GABPA,hPSC,HepG2,0.004991107623816441,1.2033789567993955,139,mean,median,median,p10_p20_enone_pwm12p0_dg0p01_n1_pftop50_onone_m1
JUN,hPSC,HepG2,-0.004165377212288585,-0.4698409604040499,328,mean,median,median,p10_p20_enone_pwm12p0_dg0p01_n1_pftop50_onone_m1
JUND,hPSC,HepG2,-0.002543003970548781,0.4491211936664652,126,mean,median,median,p10_p20_enone_pwm12p0_dg0p01_n1_pftop50_onone_m1
MAFK,hPSC,HepG2,-0.0028037313748198417,0.00153490827595145,270,mean,median,median,p10_p20_enone_pwm12p0_dg0p01_n1_pftop50_onone_m1
MAX,hPSC,HepG2,-0.0005526879525436057,-0.5371239665538691,103,mean,median,median,p10_p20_enone_pwm12p0_dg0p01_n1_pftop50_onone_m1
MAZ,hPSC,HepG2,0.0033275633441066516,0.7671670405785399,1085,mean,median,median,p10_p20_enone_pwm12p0_dg0p01_n1_pftop50_onone_m1
MYC,hPSC,HepG2,-0.0016578214959150307,-0.6972329211422832,267,mean,median,median,p10_p20_enone_pwm12p0_dg0p01_n1_pftop50_onone_m1
NRF1,hPSC,HepG2,-0.00025108039599863497,0.6272462910053213,183,mean,median,median,p10_p20_enone_pwm12p0_dg0p01_n1_pftop50_onone_m1
REST,hPSC,HepG2,0.00032676289899556807,0.20650737682863246,28,mean,median,median,p10_p20_enone_pwm12p0_dg0p01_n1_pftop50_onone_m1
RFX5,hPSC,HepG2,0.007038538607957901,-0.39476385004893544,40,mean,median,median,p10_p20_enone_pwm12p0_dg0p01_n1_pftop50_onone_m1
SP1,hPSC,HepG2,-0.0013206022738431486,1.0166808268767562,1537,mean,median,median,p10_p20_enone_pwm12p0_dg0p01_n1_pftop50_onone_m1
SP2,hPSC,HepG2,0.001345253821333234,-0.8979117158169708,1436,mean,median,median,p10_p20_enone_pwm12p0_dg0p01_n1_pftop50_onone_m1
SRF,hPSC,HepG2,0.008868284951729158,0.756766676241289,7,mean,median,median,p10_p20_enone_pwm12p0_dg0p01_n1_pftop50_onone_m1
TCF12,hPSC,HepG2,0.001584836341594018,0.7734602938530548,649,mean,median,median,p10_p20_enone_pwm12p0_dg0p01_n1_pftop50_onone_m1
TEAD4,hPSC,HepG2,-0.00041038151926557604,-0.326859832239386,109,mean,median,median,p10_p20_enone_pwm12p0_dg0p01_n1_pftop50_onone_m1
USF1,hPSC,HepG2,-0.003235822973168545,-0.5600425039670703,68,mean,median,median,p10_p20_enone_pwm12p0_dg0p01_n1_pftop50_onone_m1
USF2,hPSC,HepG2,0.0046108799477509645,0.2993816060937074,51,mean,median,median,p10_p20_enone_pwm12p0_dg0p01_n1_pftop50_onone_m1
YY1,hPSC,HepG2,-0.004572671131224037,-0.1450887661030453,85,mean,median,median,p10_p20_enone_pwm12p0_dg0p01_n1_pftop50_onone_m1
