LFC,VE,VE_norm,LFC_norm
9.7291,0.15291969981919348,0.678139580575473,0.9476288464535783
9.7903,0.14207052672393525,0.6299265147902497,0.9536659807482496
3.5281,0.11538339078536586,0.511330504815278,0.3359250921846732
8.1527,0.13023964876163618,0.5773508122472998,0.7921233153731876
5.7819,0.11538339078536586,0.511330504815278,0.5582534136443181
7.8015,0.11662586063374676,0.5168519652998863,0.7574788453684723
5.4807,0.07598378781323409,0.3362410640506818,0.5285412428999552
8.6946,0.08217714481703886,0.36376396612202216,0.8455795747568869
8.004,0.15608844156667437,0.6922212762942418,0.7774546573728995
6.3997,0.06837520749050985,0.3024289955722106,0.6191969033052324
9.7906,0.15608844156667437,0.6922212762942418,0.9536955745438116
6.3997,0.06837520749050985,0.3024289955722106,0.6191969033052324
2.0768,0.045568703202385055,0.20107827677365828,0.19276017385368432
8.6471,0.10250143502180813,0.45408387641166303,0.8408938904595522
6.9141,0.03399554839607709,0.14964788027063175,0.6699403980957379
5.9591,0.018328685156782012,0.08002529232110743,0.575733482223007
1.4182,0.07003018479886208,0.30978361413530753,0.12779192799632247
7.3428,0.11510361745981014,0.5100872091620946,0.7122299319539994
1.9858,0.018873485173948094,0.08244635048257222,0.18378338919984297
5.7917,0.0038606141929227967,0.01573006437689704,0.5592201442993471
8.7969,0.1199527983471718,0.5316366742756153,0.8556710590435681
2.9905,0.037717775092730575,0.1661892294608022,0.28289301053736415
6.9107,0.10445165883727887,0.46275055250629515,0.669605001746034
6.9107,0.06014117634335621,0.26583746164703026,0.669605001746034
7.1234,0.12485248754489922,0.5534105952503324,0.6905870027995731
7.1234,0.12485248754489922,0.5534105952503324,0.6905870027995731
8.1527,0.13023964876163618,0.5773508122472998,0.7921233153731876
8.9146,0.12225945933664027,0.5418873355060143,0.8672816915024376
7.3428,0.11510361745981014,0.5100872091620946,0.7122299319539994
7.3428,0.11510361745981014,0.5100872091620946,0.7122299319539994
7.3428,0.11510361745981014,0.5100872091620946,0.7122299319539994
7.7444,0.128494229529877,0.5695942752739539,0.7518461596131499
3.8347,0.06952321171696718,0.3075306565749365,0.3661699512491542
6.513,0.025376389988632567,0.11134486421007994,0.6303734934291909
9.7903,0.1751850163978003,0.7770852940881802,0.9536659807482496
2.9905,0.037717775092730575,0.1661892294608022,0.28289301053736415
6.3997,0.15608844156667437,0.6922212762942418,0.6191969033052324
6.3997,-0.00235102265215407,0.00902153132789357,0.6191969033052324
7.3428,0.11510361745981014,0.5100872091620946,0.7122299319539994
8.1527,0.13023964876163618,0.5773508122472998,0.7921233153731876
0.52627,0.01756893725930565,0.07664901884481619,0.03980661441060011
5.6765,0.05670426015708357,0.2505640150228369,0.5478561268034952
4.4662,0.01756893725930565,0.07664901884481619,0.4284648909074049
2.0304,0.004237115559017853,0.017403213562773804,0.18818300014007733
4.8057,0.1212932913814082,0.5375937438399787,0.46195520288519776
1.9858,0.018873485173948094,0.08244635048257222,0.18378338919984297
6.4816,0.06088791356247228,0.2691559164595222,0.6272760094936897
8.0306,0.11680963611301033,0.5176686523592271,0.780078640579407
-0.60231,-0.0303093700670493,0.13326672783504598,0.04730765512574404
4.9642,0.01295580781855692,0.056148552012023456,0.47759059154051486
5.7917,0.14236249455136815,0.6312240020685514,0.5592201442993471
5.7917,0.0038606141929227967,0.01573006437689704,0.5592201442993471
0.12274,0.006647891379197968,0.028116554772397377,0.0
9.4708,0.1333277717767996,0.591074243219934,0.9221485884745978
0.31707,0.015559583772909568,0.06771957408669695,0.01916987430528565
7.2055,0.08975700919306263,0.39744842267881064,0.6986858381850717
1.8912,0.07781373352430455,0.3443732315602765,0.1744514789992562
5.4556,0.07862710777126915,0.3479878172740992,0.5260652286712583
6.2154,0.024890008947650713,0.1091834164278713,0.6010164482315734
8.1527,0.13023964876163618,0.5773508122472998,0.7921233153731876
3.0967,-0.007245415507061858,0.03077191567705019,0.29336921416635264
8.1527,0.13023964876163618,0.5773508122472998,0.7921233153731876
8.1527,0.13023964876163618,0.5773508122472998,0.7921233153731876
3.0967,-0.007245415507061858,0.03077191567705019,0.29336921416635264
8.1527,0.13023964876163618,0.5773508122472998,0.7921233153731876
2.489,0.034503877536742375,0.15190686407375248,0.23342204895602955
7.316,0.05074599655392731,0.22408585373419201,0.7095862195504505
5.3322,0.023042999837125752,0.10097542020827305,0.5138923140967085
8.887,0.13960164530566294,0.6189549558345628,0.8645590623107231
5.0036,0.01265450761252742,0.05480959221049253,0.48147724335767256
6.8003,0.11538339078536586,0.511330504815278,0.6587144849791758
2.3475,0.08078904498717197,0.35759533485158185,0.21946364204923227
8.0045,0.05051571071179422,0.22306247744931912,0.7775039803655032
6.6536,0.0284198096283229,0.12486963609933681,0.6442431189493019
1.9281,0.017382557305598182,0.07582075765935567,0.17809151585339628
6.9111,0.10240767768003158,0.45366722448370217,0.6696444601401168
6.9111,0.10240767768003158,0.45366722448370217,0.6696444601401168
1.9281,0.017382557305598182,0.07582075765935567,0.17809151585339628
3.562,0.030412961308607708,0.1337270810158991,0.33926919108319215
5.1609,0.030721948842484356,0.1351002028351205,0.4969942568307412
5.1609,0.030721948842484356,0.1351002028351205,0.4969942568307412
0.64422,0.07511192858430893,0.33236657463194497,0.05144190836577143
5.1609,0.030721948842484356,0.1351002028351205,0.4969942568307412
6.0342,0.07229506518237004,0.31984860489238714,0.5831417957120564
2.4936,0.07511192858430893,0.33236657463194497,0.23387582048798197
2.4936,0.07511192858430893,0.33236657463194497,0.23387582048798197
4.666,0.031762802912223435,0.139725695054346,0.4481743587517732
6.8003,0.11538339078536586,0.511330504815278,0.6587144849791758
6.8003,0.11538339078536586,0.511330504815278,0.6587144849791758
8.1527,0.13023964876163618,0.5773508122472998,0.7921233153731876
4.798,0.13023964876163618,0.5773508122472998,0.46119562879910353
2.3707,0.04408616523398093,0.1944899681558338,0.22175222890603577
2.4936,0.07511192858430893,0.33236657463194497,0.23387582048798197
6.6475,0.054675428024347744,0.24154800834436302,0.6436413784395388
6.2124,-0.04812709633284485,0.21244762033747627,0.6007205102759523
5.1609,0.012158162069081201,0.05260386278500904,0.4969942568307412
2.1346,0.06100454840097781,0.2696742345923736,0.19846191179865172
0.93574,0.030646937121360084,0.13476685530591498,0.08019918597333008
2.1346,0.06100454840097781,0.2696742345923736,0.19846191179865172
5.7819,0.13023964876163618,0.5773508122472998,0.5582534136443181
3.6894,0.07511192858430893,0.33236657463194497,0.35183668959857006
2.4936,0.07511192858430893,0.33236657463194497,0.23387582048798197
6.1213,0.061886084367535656,0.2735917268449647,0.5917338610235902
3.6894,0.05134928552432586,0.22676683324866187,0.35183668959857006
6.6475,0.024898165404674693,0.10921966322710833,0.6436413784395388
2.4936,0.07511192858430893,0.33236657463194497,0.23387582048798197
2.4936,0.07511192858430893,0.33236657463194497,0.23387582048798197
2.4936,0.07511192858430893,0.33236657463194497,0.23387582048798197
2.4576,0.11197932704246588,0.49620305245254803,0.23032456502052823
5.4203,-0.04812709633284485,0.21244762033747627,0.5225830253934495
6.2124,-0.04812709633284485,0.21244762033747627,0.6007205102759523
4.666,0.03247130239677957,0.14287422369867478,0.4481743587517732
4.666,0.03247130239677957,0.14287422369867478,0.4481743587517732
6.8003,0.11538339078536586,0.511330504815278,0.6587144849791758
6.8003,0.11538339078536586,0.511330504815278,0.6587144849791758
2.0623,0.012063174825199712,0.05218174524685151,0.19132980706818215
2.4936,0.07511192858430893,0.33236657463194497,0.23387582048798197
8.6531,0.2136715040861719,0.9481169060340378,0.8414857663707945
9.381,0.14236249455136815,0.6312240020685514,0.9132901790030048
3.6894,0.07511192858430893,0.33236657463194497,0.35183668959857006
6.2124,0.01591188582063018,0.06928518297263558,0.6007205102759523
6.9107,0.11510361745981014,0.5100872091620946,0.669605001746034
6.9107,0.10445165883727887,0.46275055250629515,0.669605001746034
6.9107,0.10445165883727887,0.46275055250629515,0.669605001746034
6.9107,0.10445165883727887,0.46275055250629515,0.669605001746034
6.9107,0.10445165883727887,0.46275055250629515,0.669605001746034
6.9107,0.10445165883727887,0.46275055250629515,0.669605001746034
6.9107,0.10445165883727887,0.46275055250629515,0.669605001746034
6.9107,0.10445165883727887,0.46275055250629515,0.669605001746034
6.9107,0.14236249455136815,0.6312240020685514,0.669605001746034
5.1018,0.10445165883727887,0.46275055250629515,0.4911642791050047
6.9107,0.10445165883727887,0.46275055250629515,0.669605001746034
6.9107,0.10445165883727887,0.46275055250629515,0.669605001746034
6.9107,0.10445165883727887,0.46275055250629515,0.669605001746034
2.6845,0.05940077487008211,0.26254716250395155,0.25270733906400744
7.3765,0.10911809893417876,0.4834879286546183,0.715554301655477
7.3765,0.10911809893417876,0.4834879286546183,0.715554301655477
1.5401,0.002313026293969159,0.008852677821669331,0.13981687359306164
2.4176,0.03724252961923896,0.16407726746366205,0.22637872561224634
2.4176,0.03724252961923896,0.16407726746366205,0.22637872561224634
7.3765,0.10911809893417876,0.4834879286546183,0.715554301655477
3.0772,0.04146864998891705,0.18285788950836102,0.29144561745481523
0.5712,0.00738472610679886,0.031391003514503406,0.044238778525952774
7.3765,0.10911809893417876,0.4834879286546183,0.715554301655477
1.18,0.05832842482949924,0.25778170410472984,0.10429445432000362
8.5025,0.08531740867861783,0.3777191078468268,0.826629680998613
5.1018,0.09607433305464874,0.4255222259309987,0.4911642791050047
7.3765,0.10911809893417876,0.4834879286546183,0.715554301655477
8.5025,0.08531740867861783,0.3777191078468268,0.826629680998613
6.2144,0.024898165404674693,0.10921966322710833,0.6009178022463664
3.2063,0.05832842482949924,0.25778170410472984,0.30418081414504516
7.3765,0.10911809893417876,0.4834879286546183,0.715554301655477
7.3765,0.10911809893417876,0.4834879286546183,0.715554301655477
8.5025,0.16201046263576532,0.7185383779644464,0.826629680998613
3.117,0.07023663371457821,0.3107010605680739,0.29537172766605574
9.9538,0.15835787263813755,0.7023064900319879,0.9697945993296019
7.3765,0.08531740867861783,0.3777191078468268,0.715554301655477
7.3765,0.10911809893417876,0.4834879286546183,0.715554301655477
7.3765,0.10911809893417876,0.4834879286546183,0.715554301655477
7.3765,0.10911809893417876,0.4834879286546183,0.715554301655477
7.3765,0.10911809893417876,0.4834879286546183,0.715554301655477
7.3765,0.10911809893417876,0.4834879286546183,0.715554301655477
7.3765,0.09807946452049854,0.4344329082864392,0.715554301655477
7.3765,0.10911809893417876,0.4834879286546183,0.715554301655477
7.3765,0.10911809893417876,0.4834879286546183,0.715554301655477
1.2679,0.06202172438116141,0.2741945028208504,0.11296543641970315
7.0009,0.10911809893417876,0.4834879286546183,0.6785028696117097
5.1609,0.012158162069081201,0.05260386278500904,0.4969942568307412
6.2196,0.1278910737472678,0.5669138876379243,0.601430761369443
6.6837,0.20644946990445365,0.9160226251105915,0.6472123631040341
4.7374,0.06581371369315356,0.29104587283317385,0.4552176820955564
6.6837,0.20644946990445365,0.9160226251105915,0.6472123631040341
6.6837,0.20644946990445365,0.9160226251105915,0.6472123631040341
4.7374,0.06581371369315356,0.29104587283317385,0.4552176820955564
5.7819,0.13023964876163618,0.5773508122472998,0.5582534136443181
8.1527,0.13023964876163618,0.5773508122472998,0.7921233153731876
1.2201,0.017575199199677573,0.07667684652720672,0.10825015832680625
-0.86699,-0.015272194434191734,0.06644243333394864,0.07341727449034553
3.8661,0.016003997852200965,0.06969452324204965,0.36926743518465543
1.3707,0.05087097362911875,0.22464124425980572,0.12310624369898769
2.6887,0.06710640693581357,0.2967905230292077,0.25312165220187705
6.1008,0.07862710777126915,0.3479878172740992,0.5897116183268457
1.3574,0.07862710777126915,0.3479878172740992,0.12179425209573395
5.2366,-0.11541074748660501,0.5114520763327502,0.5044617579109147
2.3318,0.0385919115236069,0.17007383862659387,0.2179149000814816
9.4708,0.1333277717767996,0.591074243219934,0.9221485884745978
9.4708,0.1333277717767996,0.591074243219934,0.9221485884745978
6.8003,0.11538339078536586,0.511330504815278,0.6587144849791758
7.8978,0.11538339078536586,0.511330504815278,0.766978453743911
1.273,0.062157757099691034,0.2747990239534589,0.11346853094425909
7.6955,0.05330745747273036,0.23546883036293667,0.7470223709365252
8.7969,0.12504959094164472,0.5542865107648461,0.8556710590435681
5.9457,0.15608844156667437,0.6922212762942418,0.5744116260212326
2.6296,0.15608844156667437,0.6922212762942418,0.2472916744761405
2.6296,0.09042099801235018,0.40039914863219733,0.2472916744761405
2.6296,0.06088791356247228,0.2691559164595222,0.2472916744761405
8.1527,0.13023964876163618,0.5773508122472998,0.7921233153731876
2.6296,0.09042099801235018,0.40039914863219733,0.2472916744761405
2.6296,0.15608844156667437,0.6922212762942418,0.2472916744761405
2.651,0.043807067261084326,0.19324967372881727,0.24940269855957134
10.26,0.14543707359152128,0.6448872444394893,1.0
9.7906,0.15608844156667437,0.6922212762942418,0.9536955745438116
5.5447,0.008458132288659742,0.03616115534136871,0.5348545859532062
1.3576,0.03146437864288206,0.13839951574064777,0.12181398129277536
4.5485,0.11684787902342293,0.5178386015285649,0.436583455489945
6.2964,0.11113984063807834,0.49247242589832463,0.6090067730333444
5.4556,0.012676538839784873,0.054907497645290786,0.5260652286712583
5.4556,0.012676538839784873,0.054907497645290786,0.5260652286712583
3.2383,0.06925698566199445,0.3063475641687742,0.3073374856716707
3.2383,0.028491978977565332,0.12519035230066858,0.3073374856716707
4.0529,0.05872433164255555,0.2595410899173725,0.38769450522133203
4.0529,0.05872433164255555,0.2595410899173725,0.38769450522133203
6.8003,0.11538339078536586,0.511330504815278,0.6587144849791758
4.1864,0.016510030802323872,0.07194330291397041,0.4008637442464729
2.7188,-0.04004729129244957,0.17654145785633615,0.2560908963566092
4.4262,0.0247582205377374,0.10859775674476996,0.424519051499123
6.8003,0.11538339078536586,0.511330504815278,0.6587144849791758
5.7819,0.11538339078536586,0.511330504815278,0.5582534136443181
8.9146,0.10410513948688195,0.4612106415757707,0.8672816915024376
5.8853,0.08221785502391739,0.3639448798068838,0.5684534085147268
5.8853,0.066190404163735,0.2927198623878937,0.5684534085147268
8.1527,0.13023964876163618,0.5773508122472998,0.7921233153731876
3.1608,0.1278910737472678,0.5669138876379243,0.29969242181812444
5.154,0.0606054135532367,0.2679005035898028,0.4963135995328126
4.4262,0.0247582205377374,0.10859775674476996,0.424519051499123
8.1527,0.13023964876163618,0.5773508122472998,0.7921233153731876
6.8003,0.11538339078536586,0.511330504815278,0.6587144849791758
9.5797,0.11538339078536586,0.511330504815278,0.9328911362636453
6.8003,0.11538339078536586,0.511330504815278,0.6587144849791758
7.8978,0.08221785502391739,0.3639448798068838,0.766978453743911
5.154,0.0606054135532367,0.2679005035898028,0.4963135995328126
7.3086,0.07338143675330548,0.32467637412021877,0.7088562392599184
2.7188,-0.04004729129244957,0.17654145785633615,0.2560908963566092
2.7188,-0.04004729129244957,0.17654145785633615,0.2560908963566092
9.5797,0.11538339078536586,0.511330504815278,0.9328911362636453
6.8003,0.11538339078536586,0.511330504815278,0.6587144849791758
2.7188,-0.04004729129244957,0.17654145785633615,0.2560908963566092
2.7188,-0.04004729129244957,0.17654145785633615,0.2560908963566092
5.7288,0.10848473654673416,0.48067330470276165,0.5530153118298238
4.122,0.0606054135532367,0.2679005035898028,0.39451094279913906
9.5797,0.11538339078536586,0.511330504815278,0.9328911362636453
7.3086,0.07338143675330548,0.32467637412021877,0.7088562392599184
4.4662,0.01756893725930565,0.07664901884481619,0.4284648909074049
6.7842,0.16890531855823404,0.7491786985908092,0.6571262846173423
8.3959,0.20998013602476345,0.9317126907432022,0.8161140189755417
5.1609,0.030721948842484356,0.1351002028351205,0.4969942568307412
0.40463,0.05447485690037043,0.2406566824608115,0.027807316770014776
2.1002,0.03657367587651593,0.16110492208623486,0.19506848990752926
8.0306,0.1209742596625127,0.5361759862730537,0.780078640579407
8.4735,0.14668249458809687,0.650421819647294,0.8237689474276086
8.1527,0.13023964876163618,0.5773508122472998,0.7921233153731876
6.9107,0.10445165883727887,0.46275055250629515,0.669605001746034
6.9107,0.11510361745981014,0.5100872091620946,0.669605001746034
6.9107,0.10445165883727887,0.46275055250629515,0.669605001746034
6.9107,0.10445165883727887,0.46275055250629515,0.669605001746034
6.9107,0.10445165883727887,0.46275055250629515,0.669605001746034
9.7903,0.12383108771076261,0.5488715564716289,0.9536659807482496
7.7029,0.061167606383482294,0.2703988543553978,0.7477523512270574
6.2094,0.05749368760025843,0.25407218259618725,0.6004245723203311
7.7029,0.061167606383482294,0.2703988543553978,0.7477523512270574
7.7029,0.061167606383482294,0.2703988543553978,0.7477523512270574
8.6068,0.061167606383482294,0.2703988543553978,0.8369184572557081
5.1753,0.05749368760025843,0.25407218259618725,0.49841475901772275
8.5806,0.13707015927706379,0.6077051857959072,0.8343339324432836
3.9504,0.05749368760025843,0.25407218259618725,0.3775832917376096
9.7903,0.12383108771076261,0.5488715564716289,0.9536659807482496
7.7029,0.08110893743496117,0.3590169174453924,0.7477523512270574
8.5806,0.13707015927706379,0.6077051857959072,0.8343339324432836
8.6068,0.061167606383482294,0.2703988543553978,0.8369184572557081
2.1416,-0.004481885616945156,0.01849095682223565,0.19915243369510105
5.7819,0.11538339078536586,0.511330504815278,0.5582534136443181
8.1527,0.13023964876163618,0.5773508122472998,0.7921233153731876
7.3489,0.10481958583531602,0.4643855977217022,0.7128316724637624
3.4231,0.0037794265620858906,0.015369271480321635,0.32556726373793315
8.1527,0.13023964876163618,0.5773508122472998,0.7921233153731876
1.2101,-0.008177771331996934,0.034915248291263676,0.10726369847473577
6.8003,0.11538339078536586,0.511330504815278,0.6587144849791758
5.7819,0.11538339078536586,0.511330504815278,0.5582534136443181
5.7819,0.11538339078536586,0.511330504815278,0.5582534136443181
6.8003,0.11538339078536586,0.511330504815278,0.6587144849791758
5.7819,0.11538339078536586,0.511330504815278,0.5582534136443181
7.0374,0.0856183378130189,0.379056418628596,0.6821034480717669
4.4834,0.11538339078536586,0.511330504815278,0.43016160185296615
1.7421,0.05016892829758007,0.2215213974791809,0.15974336260488534
2.2053,0.021956038113510417,0.09614502837780346,0.20543618295279
2.2053,0.021956038113510417,0.09614502837780346,0.20543618295279
2.2053,0.021956038113510417,0.09614502837780346,0.20543618295279
5.1018,0.026517037916683105,0.11641383426982717,0.4911642791050047
8.004,0.15608844156667437,0.6922212762942418,0.7774546573728995
8.4889,0.1497789579551839,0.6641823146369213,0.8252880955997971
2.7466,0.011682702861011135,0.05049095096439377,0.2588332547453651
4.2425,0.026950540634204163,0.11834029399670264,0.40639778401658827
4.2425,0.027496161454032546,0.12076499975530747,0.40639778401658827
9.4194,0.17637260501992705,0.7823628657391851,0.9170781848349554
8.5015,0.0700846917156473,0.31002583956038293,0.826531035013406
8.5015,0.0700846917156473,0.31002583956038293,0.826531035013406
5.7819,0.11538339078536586,0.511330504815278,0.5582534136443181
5.154,0.0606054135532367,0.2679005035898028,0.4963135995328126
6.8028,0.12589722517600213,0.5580533457802025,0.6589610999421935
1.6693,0.01520132344395009,0.06612748696109763,0.15256193488181224
6.3997,-0.00235102265215407,0.00902153132789357,0.6191969033052324
4.4834,0.11538339078536586,0.511330504815278,0.43016160185296615
8.1527,0.13023964876163618,0.5773508122472998,0.7921233153731876
6.3997,-0.00235102265215407,0.00902153132789357,0.6191969033052324
8.004,0.15608844156667437,0.6922212762942418,0.7774546573728995
6.3997,0.06837520749050985,0.3024289955722106,0.6191969033052324
8.004,0.15608844156667437,0.6922212762942418,0.7774546573728995
8.1527,0.13023964876163618,0.5773508122472998,0.7921233153731876
10.26,0.15835787263813755,0.7023064900319879,1.0
3.0763,0.017123545536228517,0.07466972509990423,0.2913568360681289
3.0901,0.041126896132473195,0.1813391561433009,0.29271815066398615
8.1527,0.13023964876163618,0.5773508122472998,0.7921233153731876
8.1527,0.13023964876163618,0.5773508122472998,0.7921233153731876
8.1527,0.13023964876163618,0.5773508122472998,0.7921233153731876
9.4194,0.12088483315713748,0.5357785803188172,0.9170781848349554
7.344,0.14559588423858796,0.6455929893019956,0.7123483071362479
5.4043,0.06240089214339557,0.2758795013090966,0.5210046896301368
8.004,0.02850989929571925,0.12526998910528594,0.7774546573728995
6.513,0.025376389988632567,0.11134486421007994,0.6303734934291909
3.0763,0.025376389988632567,0.11134486421007994,0.2913568360681289
5.9306,0.05780684100199503,0.25546381727896245,0.5729220716446062
8.6471,0.08657845945021503,0.3833231408247959,0.8408938904595522
6.7305,0.05557231311325023,0.24553371116368117,0.6518289952117239
6.5499,0.068304691099514,0.30211562501685413,0.634013530283331
7.446,0.08339985158329395,0.36919760067093166,0.7224101976273667
9.7903,0.1751850163978003,0.7770852940881802,0.9536659807482496
2.9905,0.022816307829062316,0.0999680147035601,0.28289301053736415
8.7969,0.1199527983471718,0.5316366742756153,0.8556710590435681
4.5176,0.07451018260747133,0.3296924520870715,0.4335352945470472
9.9377,0.16201046263576532,0.7185383779644464,0.9682063989677684
7.9762,0.10517242372138579,0.46595358784069435,0.7747122989841437
9.9377,0.16201046263576532,0.7185383779644464,0.9682063989677684
3.6667,0.12383108771076261,0.5488715564716289,0.3495974257343701
6.9107,0.10445165883727887,0.46275055250629515,0.669605001746034
8.712,0.08168188191893534,0.36156304790663474,0.8472960148994896
8.712,0.0684148864278246,0.3026053263578149,0.8472960148994896
4.4664,0.011886479593532982,0.051396522377469264,0.4284846201044464
8.712,0.08168188191893534,0.36156304790663474,0.8472960148994896
5.4059,0.1983016766997747,0.8798143273599295,0.521162523206468
6.3516,0.03320903751142331,0.1461526737060706,0.6144520314167734
5.8354,0.1983016766997747,0.8798143273599295,0.5635309738528952
5.88,0.057992148520253924,0.25628731262647586,0.5679305847931295
7.3544,0.11827826063404019,0.5241951304626276,0.7133742253824011
8.887,0.09074597688098761,0.40184333497108726,0.8645590623107231
3.4733,0.05421432537347523,0.2394988961912927,0.330519292195327
6.2693,0.06043382291437639,0.26713796522057753,0.6063334668342334
8.887,0.09074597688098761,0.40184333497108726,0.8645590623107231
2.463,0.0587532690498435,0.2596696859964449,0.23085725334064633
6.5766,0.08252782429882628,0.36532236442357885,0.6366473780883591
3.9362,0.046782123604918076,0.20647064328664405,0.3761825187476695
4.4834,0.11538339078536586,0.511330504815278,0.43016160185296615
8.1527,0.13023964876163618,0.5773508122472998,0.7921233153731876
7.6955,0.08924927074301602,0.39519206386889505,0.7470223709365252
8.1527,0.13023964876163618,0.5773508122472998,0.7921233153731876
5.7819,0.11538339078536586,0.511330504815278,0.5582534136443181
4.9642,0.06088791356247228,0.2691559164595222,0.47759059154051486
5.2087,0.10445165883727887,0.46275055250629515,0.5017095349236381
9.8016,0.22534652740167305,1.0,0.9547806803810892
10.26,0.22534652740167305,1.0,1.0
9.8016,0.22534652740167305,1.0,0.9547806803810892
5.5557,0.11753878733124053,0.5209089560527199,0.5359396917904838
9.8016,0.22534652740167305,1.0,0.9547806803810892
9.8016,0.22534652740167305,1.0,0.9547806803810892
4.1308,0.010178612940156881,0.04380686677988281,0.39537902746896103
9.9538,0.12750732704385612,0.5652085406134091,0.9697945993296019
9.8016,0.09983260526985789,0.44222375921465973,0.9547806803810892
6.0777,0.07360017259289525,0.3256484228958381,0.587432896068563
6.0777,0.07360017259289525,0.3256484228958381,0.587432896068563
1.2836,0.05129282449932766,0.22651592388546543,0.11451417838745381
2.1346,0.06100454840097781,0.2696742345923736,0.19846191179865172
0.92212,0.0294514939780141,0.12945437864003667,0.07885562765481009
1.8271,-0.0037335427014803034,0.015165366392769473,0.16812827134748443
2.9905,0.037717775092730575,0.1661892294608022,0.28289301053736415
9.7903,0.1751850163978003,0.7770852940881802,0.9536659807482496
2.9905,0.037717775092730575,0.1661892294608022,0.28289301053736415
5.7967,0.10776968521276097,0.4774956600378675,0.5597133742253825
3.2479,0.05833737841177342,0.25782149328012677,0.30828448712965834
2.2736,0.0009753885031145112,0.002908296785342913,0.2121737037424314
4.0943,0.04753218899364417,0.20980388828258534,0.3917784490089038
6.3194,0.0941499403458022,0.4169703417041009,0.6112756306931064
9.4708,0.1333277717767996,0.591074243219934,0.9221485884745978
9.4708,0.11827826063404019,0.5241951304626276,0.9221485884745978
4.2167,0.022006067117234813,0.09636735422941954,0.4038527175982465
6.9374,0.10433707918946081,0.46224136751593725,0.6722388495510622
5.7819,0.07719589667417213,0.34162760215253957,0.5582534136443181
3.1524,0.06283904578083277,0.2778266294413804,0.29886379554238524
2.1016,0.04937823117089455,0.21800758750948487,0.1952065942868191
3.3384,-0.03458137965402385,0.15225127877210576,0.3172119487908962
6.8003,0.11538339078536586,0.511330504815278,0.6587144849791758
9.5797,0.03478686422674376,0.15316443972321303,0.9328911362636453
1.5235,0.038636719554815416,0.17027296279369805,0.13817935023862465
9.4708,0.1333277717767996,0.591074243219934,0.9221485884745978
5.1303,0.08537183100316886,0.3779609573491553,0.4939756896834056
9.4708,0.1333277717767996,0.591074243219934,0.9221485884745978
1.3001,0.012827383530001226,0.055577842279752494,0.1161418371433701
2.2334,0.0009630629209072002,0.0028535226472049574,0.2082081351371081
7.8643,0.12448688303910888,0.5517858710493011,0.763673813239475
6.7588,0.09606454153192467,0.4254787129991754,0.6546206765930833
3.4625,0.07781373352430455,0.3443732315602765,0.32945391555509085
3.4625,0.04079735078359854,0.17987467664380316,0.32945391555509085
3.4625,0.022695064632681037,0.09942921730842072,0.32945391555509085
3.4625,0.018736565076703317,0.08183788589289148,0.32945391555509085
3.4625,0.07781373352430455,0.3443732315602765,0.32945391555509085
3.4625,-0.003328583374946456,0.013365751760475567,0.32945391555509085
6.2972,0.1325339806271651,0.5875466836003179,0.60908568982151
3.4625,0.07781373352430455,0.3443732315602765,0.32945391555509085
6.8003,0.11538339078536586,0.511330504815278,0.6587144849791758
3.4231,0.006594894162759829,0.027881038363899623,0.32556726373793315
9.8016,0.09983260526985789,0.44222375921465973,0.9547806803810892
1.5114,-0.00509486555689047,0.021215002416320825,0.13698573381761936
7.3615,0.09608147874548824,0.42555398094674973,0.7140746118773712
3.293,0.03057451114849553,0.13444499868480497,0.31273342106249624
8.1527,0.13023964876163618,0.5773508122472998,0.7921233153731876
5.7819,0.11538339078536586,0.511330504815278,0.5582534136443181
8.4647,0.10038528105169696,0.4446798167956152,0.8229008627577867
8.1527,0.13023964876163618,0.5773508122472998,0.7921233153731876
8.1527,0.13023964876163618,0.5773508122472998,0.7921233153731876
9.8016,0.2136715040861719,0.9481169060340378,0.9547806803810892
4.3948,0.05728579406103056,0.25314831634434387,0.4214215675636217
2.7915,0.01655763681465608,0.07215486113911736,0.2632624594811616
6.4245,0.08919039613458686,0.3949304286876374,0.6216433237383672
0.75622,-0.0003209473319778926,0.0,0.062490258708960814
3.6052,0.02476547673011489,0.10863000282263917,0.34353069764413663
3.5614,0.06984871225391175,0.3089771611760745,0.3392100034920679
9.4708,0.1751850163978003,0.7770852940881802,0.9221485884745978
1.8809,0.050425960985670655,0.22266363512172346,0.17343542535162362
4.272,0.07948557223569182,0.35180278117356695,0.40930784058019626
1.3187,-0.05136752823888181,0.2268479027632935,0.1179766524682212
7.3615,0.05002982082414484,0.22090321232266602,0.7140746118773712
7.4837,0.06879028936813514,0.30427359420627137,0.7261291512696725
1.8782,0.060810200748108376,0.2688105654361415,0.1731690811915646
1.8782,0.060810200748108376,0.2688105654361415,0.1731690811915646
8.1527,0.13023964876163618,0.5773508122472998,0.7921233153731876
8.1527,0.13023964876163618,0.5773508122472998,0.7921233153731876
6.1464,0.1029835881984639,0.45622653582179074,0.5942098752522871
0.76808,0.1029835881984639,0.45622653582179074,0.0636602000935164
0.65838,0.06970187266830576,0.3083246149830572,0.05283873551630323
6.1659,0.1029835881984639,0.45622653582179074,0.5961334719638245
9.7906,0.17637260501992705,0.7823628657391851,0.9536955745438116
9.2039,0.10757614122134414,0.47663556230428145,0.8958199750228366
7.9953,0.14236249455136815,0.6312240020685514,0.7765964373015983
7.9431,0.1030015598299644,0.45630640065980127,0.7714471168737904
6.2154,0.05839375828289821,0.2580720420004426,0.6010164482315734
2.7688,0.15608844156667437,0.6922212762942418,0.26102319561696163
8.3567,0.20644946990445365,0.9160226251105915,0.8122470963554255
8.3222,0.20644946990445365,0.9160226251105915,0.8088438098657823
8.5025,0.16593958523758415,0.735999159981326,0.826629680998613
8.5025,0.16593958523758415,0.735999159981326,0.826629680998613
8.5025,0.12225945933664027,0.5418873355060143,0.826629680998613
8.5025,0.16593958523758415,0.735999159981326,0.826629680998613
8.5025,0.16593958523758415,0.735999159981326,0.826629680998613
8.3222,0.20644946990445365,0.9160226251105915,0.8088438098657823
8.5025,0.09957728068622955,0.4410891122845229,0.826629680998613
2.5304,0.06234572972806348,0.2756343628883223,0.23750599274360137
8.5025,0.09957728068622955,0.4410891122845229,0.826629680998613
8.5025,0.09957728068622955,0.4410891122845229,0.826629680998613
7.7029,0.061167606383482294,0.2703988543553978,0.7477523512270574
7.7029,0.061167606383482294,0.2703988543553978,0.7477523512270574
1.8366,0.05749368760025843,0.25407218259618725,0.1690654082069514
7.7029,0.061167606383482294,0.2703988543553978,0.7477523512270574
9.4708,0.22534652740167305,1.0,0.9221485884745978
6.2094,0.05749368760025843,0.25407218259618725,0.6004245723203311
6.2094,0.05749368760025843,0.25407218259618725,0.6004245723203311
1.4797,0.02184616303641916,0.09565675021379551,0.13385865608655592
1.4797,0.0014629968261934405,0.0050751985345925165,0.13385865608655592
2.3521,0.018944479080135763,0.0827618430864161,0.2199174135811847
4.4663,0.04851672766884487,0.2141791183115259,0.4284747555059257
6.3997,0.03639383748683348,0.16030573121368272,0.6191969033052324
8.5025,0.12225945933664027,0.5418873355060143,0.826629680998613
7.4994,0.07192491003819552,0.31820365793098004,0.727677893237423
0.87785,0.023076619708492733,0.10112482487309635,0.07448856988969407
3.1118,0.09506459615075921,0.4210350165054001,0.2948587685429791
5.756,0.11379938629955022,0.5042912851615611,0.5556984826274556
5.0944,0.061886084367535656,0.2735917268449647,0.4904342988144726
5.756,0.11379938629955022,0.5042912851615611,0.5556984826274556
5.756,0.11379938629955022,0.5042912851615611,0.5556984826274556
5.0967,0.0489150119210827,0.2159490693193823,0.4906611845804488
3.1615,0.0381608077141944,0.16815803950153896,0.2997614740077694
3.9893,0.037717775092730575,0.1661892294608022,0.3814206205621638
9.1297,0.08110893743496117,0.3590169174453924,0.8885004429204736
2.3707,0.04408616523398093,0.1944899681558338,0.22175222890603577
6.8028,0.12589722517600213,0.5580533457802025,0.6589610999421935
6.8028,0.12589722517600213,0.5580533457802025,0.6589610999421935
2.3707,0.04408616523398093,0.1944899681558338,0.22175222890603577
2.3707,0.04408616523398093,0.1944899681558338,0.22175222890603577
2.3707,0.022811410203354546,0.09994624995260933,0.22175222890603577
2.3707,0.04408616523398093,0.1944899681558338,0.22175222890603577
6.8028,0.12589722517600213,0.5580533457802025,0.6589610999421935
6.8028,0.12589722517600213,0.5580533457802025,0.6589610999421935
2.3707,0.04408616523398093,0.1944899681558338,0.22175222890603577
9.7903,0.1751850163978003,0.7770852940881802,0.9536659807482496
3.0763,0.037717775092730575,0.1661892294608022,0.2913568360681289
7.9953,0.14236249455136815,0.6312240020685514,0.7765964373015983
7.98,0.10250143502180813,0.45408387641166303,0.7750871537279305
9.1792,0.12310380846417529,0.5456395717063321,0.8933834191882225
9.1792,0.11753878733124053,0.5209089560527199,0.8933834191882225
5.9457,0.06361140508451929,0.2812589472403049,0.5744116260212326
2.134,0.07234096421763815,0.3200525774152172,0.1984027242075275
4.9053,0.11649989997330441,0.5162922037812033,0.4717803430118198
4.9053,0.12327598212317904,0.5464047009816368,0.4717803430118198
4.9053,0.07234096421763815,0.3200525774152172,0.4717803430118198
1.1904,0.07862710777126915,0.3479878172740992,0.10532037256615692
5.5862,0.08554701072183575,0.37873944537088433,0.5389483943392988
5.5862,0.08554701072183575,0.37873944537088433,0.5389483943392988
5.5862,0.08554701072183575,0.37873944537088433,0.5389483943392988
6.7085,0.08924927074301602,0.39519206386889505,0.6496587835371688
3.0763,0.037717775092730575,0.1661892294608022,0.2913568360681289
5.2366,-0.11541074748660501,0.5114520763327502,0.5044617579109147
0.35044,-0.012429261717267655,0.05380861314317938,0.02246169083164484
8.0045,0.056507826032872084,0.2496910737147836,0.7775039803655032
6.3997,-0.00235102265215407,0.00902153132789357,0.6191969033052324
6.3997,0.06837520749050985,0.3024289955722106,0.6191969033052324
6.3997,0.06837520749050985,0.3024289955722106,0.6191969033052324
7.9953,0.08111889049065162,0.35906114821989976,0.7765964373015983
2.595,0.006303680369998401,0.026586901969845075,0.2438785233879767
1.6238,0.01787364816963261,0.07800313560893067,0.14807354255489155
8.1527,0.13023964876163618,0.5773508122472998,0.7921233153731876
4.7374,0.06581371369315356,0.29104587283317385,0.4552176820955564
4.3381,0.06230430021301929,0.2754502526416946,0.4158283402023821
9.7903,0.1751850163978003,0.7770852940881802,0.9536659807482496
8.1527,0.13023964876163618,0.5773508122472998,0.7921233153731876
1.5139,0.028468836176071016,0.12508750709752703,0.13723234878063698
6.3997,-0.00235102265215407,0.00902153132789357,0.6191969033052324
5.7819,0.11538339078536586,0.511330504815278,0.5582534136443181
8.1527,0.13023964876163618,0.5773508122472998,0.7921233153731876
7.4608,0.08832620707107064,0.39109002501775875,0.723870158208431
1.483,0.05249754968996031,0.23186964940529084,0.1341841878377392
9.182,0.13421639667790441,0.5950232382667618,0.8936596279468022
5.7819,0.11538339078536586,0.511330504815278,0.5582534136443181
5.7819,0.11538339078536586,0.511330504815278,0.5582534136443181
5.9979,0.035746137677246534,0.1574273926293034,0.5795609464490404
0.90302,-0.11565920638187721,0.5125562125611526,0.07697148933735547
7.6955,0.12907125902118716,0.5721585592594965,0.7470223709365252
9.8016,0.05512221187341726,0.24353348861256693,0.9547806803810892
6.2114,0.04264363385101374,0.188079446371953,0.6006218642907453
8.1159,0.06009349872165606,0.26562558519420487,0.7884931431175682
4.666,0.031762802912223435,0.139725695054346,0.4481743587517732
7.4994,0.11684787902342293,0.5178386015285649,0.727677893237423
6.5993,0.023555228527166308,0.10325173337178943,0.6388866419525592
1.703,0.022414587734282468,0.0981827950202893,0.15588630458328978
0.902,-0.0031508682092945936,0.012575996366458495,0.07687087043244428
6.9984,0.032226725230430284,0.14178733763766102,0.6782562546486921
8.4548,0.06667102309553441,0.2948557037071364,0.8219242675042369
1.621,0.03472461919830961,0.15288782660031885,0.14779733379631182
7.7627,0.059237175802078,0.26182013818985606,0.7536513811424389
4.666,0.031762802912223435,0.139725695054346,0.4481743587517732
-2.4049,-0.09319531471564846,0.41272804342913116,0.22512592160011682
4.2361,0.03597057211803906,0.1584247656422871,0.40576644971126324
9.381,0.14236249455136815,0.6312240020685514,0.9132901790030048
9.8016,0.10231908576589138,0.4532735274021848,0.9547806803810892
3.1401,0.04574663144693679,0.2018689790773547,0.29765044992433853
6.7058,0.13156146732441162,0.5832248935955894,0.6493924393771098
7.6134,0.2136715040861719,0.9481169060340378,0.7389235355510266
9.0727,0.050875675515884615,0.22466213915879638,0.8828776217636718
7.903,0.05220082906062186,0.2305510409642125,0.7674914128669877
1.6455,0.007034645622168674,0.029835267119904363,0.1502141604338845
8.9769,0.11538339078536586,0.511330504815278,0.8734273363808367
6.3591,0.09929010637405014,0.4398129270966413,0.6151918763058262
8.9769,0.11538339078536586,0.511330504815278,0.8734273363808367
1.6455,0.007034645622168674,0.029835267119904363,0.1502141604338845
1.1759,0.0057942402112462115,0.02432298086987766,0.10389000578065473
3.6422,0.13421639667790441,0.5950232382667618,0.3471805990967974
7.6955,0.20907011252576166,0.9276686016280005,0.7470223709365252
6.8503,0.11827826063404019,0.5241951304626276,0.6636467842395283
4.3381,0.10433707918946081,0.46224136751593725,0.4158283402023821
6.1213,0.061886084367535656,0.2735917268449647,0.5917338610235902
6.3997,0.044535525860668196,0.19648689946714556,0.6191969033052324
2.1388,0.03840233087850353,0.169231353763119,0.19887622493652132
7.3612,0.09604320104255944,0.4253838771615847,0.7140450180818091
1.5083,0.017711656372402507,0.07728325390845943,0.1366799312634775
7.1715,0.024344869641025186,0.10676085048467193,0.695331874688032
8.9769,0.12755786458635268,0.5654331263804179,0.8734273363808367
4.3381,0.10433707918946081,0.46224136751593725,0.4158283402023821
3.4771,0.07422381756264183,0.3284198632341029,0.3308941469391138
4.1634,0.017260391256425853,0.07527785916250704,0.39859488658671083
8.5025,0.06129093610524349,0.2709469241424993,0.826629680998613
8.4735,0.09549423029835238,0.42294428454266103,0.8237689474276086
9.4708,0.1636073805731437,0.725634984211984,0.9221485884745978
9.9377,0.14088810388916867,0.6246718995842792,0.9682063989677684
2.507,0.045950794270559266,0.20277626625581346,0.23519767668975644
9.0727,0.10426930535998226,0.46194018473726134,0.8828776217636718
1.486,0.026670805513871004,0.11709716812520607,0.13448012579336033
4.5393,0.03293152294658216,0.1449194158482075,0.43567591242604015
8.4051,0.1157204329851224,0.5128282998644104,0.8170215620394465
4.6187,0.11197932704246588,0.49620305245254803,0.44350840365147975
8.5015,0.08322661056120956,0.36842772809897456,0.826531035013406
7.4486,0.02762425553107086,0.12133424204766659,0.7226666771889051
7.5689,0.039658322982641,0.1748129063303803,0.734533789209313
2.0256,0.006239531302342316,0.026301827412382687,0.18770949941108345
4.0336,0.007927102607317583,0.03380129171529701,0.38579063770683597
1.6154,0.019128685676429228,0.08358044600363294,0.14724491627915234
9.5797,0.1675362076365345,0.7430944528740534,0.9328911362636453
2.1515,-0.08425149588521334,0.37298225618278774,0.20012902894865084
6.5006,0.012551872454597936,0.05435348780717227,0.6291502832126236
3.6755,0.041777907972576946,0.1842322131899803,0.3504655104041921
3.6533,0.022925420110957585,0.1004529030520824,0.34827556953259564
6.6064,0.1683139531239469,0.7465507065460648,0.6395870284475292
5.3462,0.034665764885297504,0.15262628161066089,0.5152733578896073
4.1105,-0.04163990750299444,0.18361894749129945,0.393376513969258
1.0055,-0.0035303926764999405,0.01426258002991489,0.08708072990137376
3.1443,0.06819888128501703,0.30164541263271455,0.29806476306220814
6.3079,0.12386438872129912,0.549019544138303,0.6101412018632254
5.2226,-0.03337540949307664,0.14689202067987597,0.5030807141180161
